"id(n)","n.name","labels(n)"
"0","Master Wireshark 3 in 5 Days","[""Course""]"
"1","Learning Path: Wireshark -The Advanced Network Analysis Tool","[""Course""]"
"2","Automation Testing using Selenium & Katalon Studio","[""Course""]"
"3","Test Automation with Katalon Studio (Selenium WebDriver)","[""Course""]"
"4","Katalon Studio Beginners - Hands-on Training","[""Course""]"
"5","Complete Katalon Studio 2020 for Web + API Test Automation","[""Course""]"
"6","Web testing using Katalon Studio - Basic to advance","[""Course""]"
"7","Microsoft SQL for Beginners","[""Course""]"
"8","70-461, 761: Querying Microsoft SQL Server with Transact-SQL","[""Course""]"
"9","Microsoft SQL from A to Z","[""Course""]"
"10","Microsoft SQL Server Reporting Services (SSRS)","[""Course""]"
"11","Learn SQL with Microsoft SQL Server","[""Course""]"
"12","Microsoft SQL Server for Beginners | Crash Course","[""Course""]"
"13","CS50's Web Programming with Python and JavaScript","[""Course""]"
"14","JavaScript Introduction","[""Course""]"
"15","Programming for the Web with JavaScript","[""Course""]"
"16","Introduction to Cloud Development with HTML5, CSS3, and JavaScript","[""Course""]"
"17","Using JavaScript, JQuery, and JSON in Django","[""Course""]"
"18","Nature, in Code: Biology in JavaScript","[""Course""]"
"19","Make Your Own App","[""Course""]"
"20","SQL for Data Science","[""Course""]"
"21","Databases: Advanced Topics in SQL","[""Course""]"
"22","Structured Database Environments with SQL","[""Course""]"
"23","Databases: Relational Databases and SQL","[""Course""]"
"24","Querying Data with Transact-SQL","[""Course""]"
"25","Programming for Everybody (Getting Started with Python)","[""Course""]"
"26","Python Basics for Data Science","[""Course""]"
"27","Using Python for Research","[""Course""]"
"28","Analyzing Data with Python","[""Course""]"
"29","Python for Data Science","[""Course""]"
"30","Probability and Statistics in Data Science using Python","[""Course""]"
"31","Data visualization is the graphical representation of data in order to interactively and efficiently convey insights to clients, customers, and stakeholders in general.","[""Course""]"
"32","Data Science: Computational Thinking with Python","[""Course""]"
"33","Python Data Structures","[""Course""]"
"34","Introduction to Java Programming: Starting to code in Java","[""Course""]"
"35","Java Programming Fundamentals","[""Course""]"
"36","Introduction to Java Programming: Writing Good Code","[""Course""]"
"37","Introduction to Java Programming: Fundamental Data Structures and Algorithms","[""Course""]"
"38","Building Modern Java Applications on AWS","[""Course""]"
"39","Introduction to Object-Oriented Programming with Java I: Foundations and Syntax Basics","[""Course""]"
"40","Introduction to Object-Oriented Programming with Java II: Object-Oriented Programming and Algorithms","[""Course""]"
"41","Introduction to Object-Oriented Programming with Java III: Exceptions, Data Structures, Recursion, and GUIs","[""Course""]"
"42","Learn to Program in Java","[""Course""]"
"43","Software Construction in Java","[""Course""]"
"44","C Programming: Getting Started","[""Course""]"
"45","Introduction to Programming in C++","[""Course""]"
"46","C Programming: Language Foundations","[""Course""]"
"47","Advanced Programming in C++","[""Course""]"
"48","C Programming: Modular Programming and Memory Management","[""Course""]"
"49","C Programming: Pointers and Memory Management","[""Course""]"
"50","C Programming: Advanced Data Types","[""Course""]"
"51","C Programming: Using Linux Tools and Libraries","[""Course""]"
"52","Introduction to C++","[""Course""]"
"53","Amazon DynamoDB: Building NoSQL Database-Driven Applications","[""Course""]"
"54","Agile Development Using Ruby on Rails - Advanced","[""Course""]"
"55","Basics of Scientific Visualization in Mathematical Modeling of Systems","[""Course""]"
"56","Computing for Data Analysis","[""Course""]"
"57","Mathematical Modelling Basics","[""Course""]"
"58","Introduction to Engineering Mathematics with Applications","[""Course""]"
"59","CS50's Introduction to Computer Science","[""Course""]"
"60","Introduction to Computer Science and Programming Using Python","[""Course""]"
"61","AP Computer Science A: Java Programming","[""Course""]"
"62","CS For All: Introduction to Computer Science and Python Programming","[""Course""]"
"63","AP Computer Science A: Java Programming Classes and Objects","[""Course""]"
"64","AP Computer Science A: Java Programming Polymorphism and Advanced Data Structures","[""Course""]"
"65","AP Computer Science A: Java Programming Loops and Data Structures","[""Course""]"
"66","Network Security - Introduction to Network Security","[""Course""]"
"67","Introduction to Database Queries","[""Course""]"
"68","Databases: Modeling and Theory","[""Course""]"
"69","Advanced Database Administration","[""Course""]"
"70","Databases: Semistructured Data","[""Course""]"
"71","Data Science for Construction, Architecture and Engineering","[""Course""]"
"72","Data Science Tools","[""Course""]"
"73","Machine Learning for Data Science and Analytics","[""Course""]"
"74","Data Science: Machine Learning and Predictions","[""Course""]"
"75","Data Science and Machine Learning Capstone Project","[""Course""]"
"76","Data Analytics Basics for Everyone","[""Course""]"
"77","Introduction to Cloud Computing","[""Course""]"
"78","Implementation of Data Structures","[""Course""]"
"79","Computing in Python III: Data Structures","[""Course""]"
"80","Introduction to Data Structures","[""Course""]"
"81","Data Structures: An Active Learning Approach","[""Course""]"
"82","Data Structures and Software Design","[""Course""]"
"83","Data Structures Fundamentals","[""Course""]"
"84","Advanced Data Structures","[""Course""]"
"85","Foundations of Data Structures","[""Course""]"
"86","Data Structures & Algorithms II: Binary Trees, Heaps, SkipLists and HashMaps","[""Course""]"
"87","Introduction to Data Analysis using Excel","[""Course""]"
"88","Analyzing and Visualizing Data with Excel","[""Course""]"
"89","Cybersecurity Roles and Operating System Security","[""Course""]"
"90","Advanced Power Searching With Google","[""Course""]"
"91","Data Analytics and Visualization in Health Care","[""Course""]"
"92","Data Representation and Visualization in Tableau","[""Course""]"
"93","Data Visualization for All","[""Course""]"
"94","Visualizing Data with Python","[""Course""]"
"95","Analyzing and Visualizing Data with Power BI","[""Course""]"
"96","Automated Software Testing: Unit Testing, Coverage Criteria and Design for Testability","[""Course""]"
"97","Software Testing Fundamentals","[""Course""]"
"98","Network Security - Protocols","[""Course""]"
"99","Network and Security Foundations","[""Course""]"
"100","Data, Models and Decisions in Business Analytics","[""Course""]"
"101","Data, Analytics and Learning","[""Course""]"
"102","Stochastic Processes: Data Analysis and Computer Simulation","[""Course""]"
"103","Big Data Analysis with Apache Spark","[""Course""]"
"104","AWS: Getting Started with Cloud Security","[""Course""]"
"105","Network Security - Advanced Topics","[""Course""]"
"106","Network Security","[""Course""]"
"107","Machine Learning Fundamentals","[""Course""]"
"108","Amazon SageMaker: Simplifying Machine Learning Application Development","[""Course""]"
"109","Introduction to Machine Learning","[""Course""]"
"110","Advanced Machine Learning","[""Course""]"
"111","Dynamic Programming: Applications In Machine Learning and Genomics","[""Course""]"
"112","Classical Machine Learning for Financial Engineering","[""Course""]"
"113","Fintech: AI & Machine Learning in the Financial Industry","[""Course""]"
"114","Data Science: Machine Learning","[""Course""]"
"115","Machine Learning with Python: from Linear Models to Deep Learning","[""Course""]"
"116","Deep Learning with Python and PyTorch","[""Course""]"
"117","Deep Learning with Tensorflow","[""Course""]"
"118","Deep Learning Essentials","[""Course""]"
"119","Deep Learning and Neural Networks for Financial Engineering","[""Course""]"
"120","AI for Everyone: Master the Basics","[""Course""]"
"121","PyTorch Basics for Machine Learning","[""Course""]"
"122","Fundamentals of TinyML","[""Course""]"
"123","AI in Practice: Applying AI","[""Course""]"
"124","Introduction to Data Science","[""Course""]"
"125","Principles, Statistical and Computational Tools for Reproducible Data Science","[""Course""]"
"126","Introduction to Game Design","[""Course""]"
"127","CS50's Introduction to Game Development","[""Course""]"
"128","Project Management Life Cycle","[""Course""]"
"129","Introduction to Project Management","[""Course""]"
"130","Software Development Fundamentals","[""Course""]"
"131","Web App Development with the Power of Node.js","[""Course""]"
"132","Computer Vision Fundamentals with Watson and OpenCV","[""Course""]"
"133","Deploying TinyML","[""Course""]"
"134","CS50's Mobile App Development with React Native","[""Course""]"
"135","Web Application Technologies and Django","[""Course""]"
"136","Building Web Applications in Django","[""Course""]"
"137","Basics of Power BI","[""Course""]"
"138","The Complete JavaScript Course 2021: From Zero to Expert!","[""Course""]"
"139","JavaScript: Understanding the Weird Parts","[""Course""]"
"140","JavaScript - The Complete Guide 2021 (Beginner + Advanced)","[""Course""]"
"141","Modern JavaScript From The Beginning","[""Course""]"
"142","JavaScript: The Advanced Concepts","[""Course""]"
"143","JavaScript Basics for Beginners","[""Course""]"
"144","Advanced Javascript","[""Course""]"
"145","Modern JavaScript (Complete guide, from Novice to Ninja)","[""Course""]"
"146","The Modern Javascript Bootcamp Course (2020)","[""Course""]"
"147","Javascript Tutorial and Projects Course","[""Course""]"
"148","The Complete JavaScript Course - Beginner to Professional","[""Course""]"
"149","Modern HTML & CSS From The Beginning (Including Sass)","[""Course""]"
"150","Web Design for Beginners: Real World Coding in HTML & CSS","[""Course""]"
"151","Build Websites from Scratch with HTML & CSS","[""Course""]"
"152","Beginner Full Stack Web Development: HTML, CSS, React & Node","[""Course""]"
"153","HTML, CSS, & JavaScript - Certification Course for Beginners","[""Course""]"
"154","HTML/CSS Bootcamp - Learn HTML, CSS, Flexbox, and CSS Grid","[""Course""]"
"155","HTML & CSS Tutorial and Projects Course","[""Course""]"
"156","HTML & CSS - Certification Course for Beginners","[""Course""]"
"157","The Web Developer Bootcamp 2021","[""Course""]"
"158","The Complete Web Developer Course 2.0","[""Course""]"
"159","The Complete SQL Bootcamp 2021: Go from Zero to Hero","[""Course""]"
"160","The Complete Oracle SQL Certification Course","[""Course""]"
"161","SQL - MySQL for Data Analytics and Business Intelligence","[""Course""]"
"162","SQL for Data Analysis: Weekender Crash Course for Beginners","[""Course""]"
"163","SQL for Beginners: Learn SQL using MySQL and Database Design","[""Course""]"
"164","Master SQL For Data Science","[""Course""]"
"165","The Complete Oracle SQL Bootcamp (2021)","[""Course""]"
"166","SQL Masterclass: SQL for Data Analytics","[""Course""]"
"167","MySQL for Data Analysis - SQL Database for Beginners","[""Course""]"
"168","SQL Server Administration Part1","[""Course""]"
"169","Oracle SQL Performance Tuning Masterclass 2021","[""Course""]"
"170","Learn Python Programming Masterclass","[""Course""]"
"171","The Python Mega Course: Build 10 Real World Applications","[""Course""]"
"172","Python for Beginners: Learn Python Programming (Python 3)","[""Course""]"
"173","The Complete Python Course | Learn Python by Doing","[""Course""]"
"174","Python for Finance: Investment Fundamentals & Data Analytics","[""Course""]"
"175","Python for Absolute Beginners","[""Course""]"
"176","The Complete Python Course in the Professional OOP Approach","[""Course""]"
"177","Python for Beginners with Examples","[""Course""]"
"178","Python Bootcamp 2021 Build 15 working Applications and Games","[""Course""]"
"179","Python OOP : Four Pillars of OOP in Python 3 for Beginners","[""Course""]"
"180","Python Coding MADE EASY : A Python Coding Course in Python 3","[""Course""]"
"181","Python for beginners - Learn all the basics of python","[""Course""]"
"182","Python Network Programming Complete Masterclass","[""Course""]"
"183","Java Programming Masterclass for Software Developers","[""Course""]"
"184","Java Programming for Complete Beginners","[""Course""]"
"185","Java In-Depth: Become a Complete Java Engineer!","[""Course""]"
"186","The Complete Java Certification Course","[""Course""]"
"187","Java Programming: Complete Beginner to Advanced","[""Course""]"
"188","JSP, Servlets and JDBC for Beginners: Build a Database App","[""Course""]"
"189","Complete Java SE 8 Developer Bootcamp - OCA Prep Included","[""Course""]"
"190","Design Patterns in Java","[""Course""]"
"191","Absolute Introduction to Object Oriented Programming in Java","[""Course""]"
"192","Full Stack Java developer - Java + JSP + Restful WS + Spring","[""Course""]"
"193","Core Java Made Easy (Covers the latest Java 14)","[""Course""]"
"194","Modern Java - Learn Java 8 features by coding it","[""Course""]"
"195","Go Java Full Stack with Spring Boot and Angular","[""Course""]"
"196","Java for Absolute Beginners","[""Course""]"
"197","Java from Beginner to Expert","[""Course""]"
"198","C/C++ Pointers & Applications","[""Course""]"
"199","Detecting Memory Leaks in C/C++ Applications","[""Course""]"
"200","Understanding basics of programming with C/C++","[""Course""]"
"201","C Programming For Beginners - Master the C Language","[""Course""]"
"202","Embedded Systems Object-Oriented Programming in C/C++","[""Course""]"
"203","Integrate CLI interface to your C/C++ Projects Quickly","[""Course""]"
"204","C/C++ for Intermediate Students","[""Course""]"
"205","C/C++ for Advanced Students","[""Course""]"
"206","System C/C++ Course on Linux Timers Implementation & Design","[""Course""]"
"207","Learn C#/C# 7 through Web Pages and Visual Studio 2017","[""Course""]"
"208","Mastering Data Structures & Algorithms using C and C++","[""Course""]"
"209","C, C++, Java; A Programming MegaPrimer for Beginners","[""Course""]"
"210","Complete Modern C++ (C++11/14/17)","[""Course""]"
"211","Demystifying Bitwise Operations In C","[""Course""]"
"212","C and C++ Programming : Step-by-Step Tutorial","[""Course""]"
"213","C# Basics for Beginners: Learn C# Fundamentals by Coding","[""Course""]"
"214","Complete C# Unity Game Developer 2D","[""Course""]"
"215","C# Intermediate: Classes, Interfaces and OOP","[""Course""]"
"216","Complete C# Masterclass","[""Course""]"
"217","C# Advanced Topics: Prepare for Technical Interviews","[""Course""]"
"218","Complete C# Unity Game Developer 3D","[""Course""]"
"219","Design Patterns in C# and .NET","[""Course""]"
"220","Unit Testing for C# Developers","[""Course""]"
"221","Learn C# By Building Applications","[""Course""]"
"222","C# Developers: Learn the Art of Writing Clean Code","[""Course""]"
"223","C# Developers: Double Your Coding Speed with Visual Studio","[""Course""]"
"224","C# Basics: Learn to Code the Right Way","[""Course""]"
"225","Programming in Microsoft C# - Exam 70-483","[""Course""]"
"226","Programming for Complete Beginners in C#","[""Course""]"
"227","PHP for Beginners - Become a PHP Master - CMS Project","[""Course""]"
"228","Learn Object Oriented PHP By Building a Complete Website","[""Course""]"
"229","E-Commerce Website in PHP & MySQL From Scratch!","[""Course""]"
"230","Object Oriented PHP & MVC","[""Course""]"
"231","PHP OOP: Object Oriented Programming for beginners + Project","[""Course""]"
"232","The Complete 2020 PHP Full Stack Web Developer Bootcamp","[""Course""]"
"233","Write PHP Like a Pro: Build a PHP MVC Framework From Scratch","[""Course""]"
"234","PHP for Beginners","[""Course""]"
"235","The Complete PHP MYSQL Professional Course with 5 Projects","[""Course""]"
"236","Build a Social Network from Scratch: JavaScript PHP + MySQL","[""Course""]"
"237","PHP & MySQL - Certification Course for Beginners","[""Course""]"
"238","Make a Spotify Clone from Scratch: JavaScript PHP and MySQL","[""Course""]"
"239","Learn PHP - For Beginners","[""Course""]"
"240","Complete PHP Course With Bootstrap3 CMS System & Admin Panel","[""Course""]"
"241","PHP for Beginners 2021: all PHP code used is fully explained","[""Course""]"
"242","Learn MongoDB : Leading NoSQL Database from scratch","[""Course""]"
"243","SQL, NoSQL, Big Data and Hadoop","[""Course""]"
"244","NoSQL: Neo4j and Cypher (Part: 1-Beginners)","[""Course""]"
"245","NoSQL: Neo4j and Cypher (Part: 2-Intermediate)","[""Course""]"
"246","Learn MongoDB 3 and Rapidly Develop Scalable Applications","[""Course""]"
"247","Working with MongoDB","[""Course""]"
"248","SQL to NoSQL Database & Handson with MongoDB","[""Course""]"
"249","Learn How Python Works with NoSql Database MongoDB: PyMongo","[""Course""]"
"250","Learn NoSQL Databases - Complete MongoDB Bootcamp 2021","[""Course""]"
"251","Creating and Querying Databases with NoSQL and SQL","[""Course""]"
"252","Mongodb fundamentals","[""Course""]"
"253","A Complete Guide to OrientDB: A NoSQL Database","[""Course""]"
"254","Data Science and Machine Learning Bootcamp with R","[""Course""]"
"255","R Programming: Advanced Analytics In R For Data Science","[""Course""]"
"256","The Complete R Programming for Data Science - 7 courses in 1","[""Course""]"
"257","Machine Learning & Deep Learning in Python & R","[""Course""]"
"258","Statistics for Data Analysis Using R","[""Course""]"
"259","Complete Machine Learning with R Studio - ML for 2021","[""Course""]"
"260","R Tidyverse Reporting and Analytics for Excel Users","[""Course""]"
"261","R for Beginners","[""Course""]"
"262","Julia Programming For Data Science & Machine Learning: Julia","[""Course""]"
"263","Getting Started With Julia","[""Course""]"
"264","Machine Learning with Julia Programming for Everyone","[""Course""]"
"265","Hello Julia: Learn the New Julia Programming Language","[""Course""]"
"266","Learning Path: Julia: Explore Data Science with Julia","[""Course""]"
"267","Building Command Line Tools with Python,JavaScript and Julia","[""Course""]"
"268","(NEW) Coding for non-programmers in Julia","[""Course""]"
"269","Julia: From Julia's Zero to Hero: 2 in 1","[""Course""]"
"270","Julia Programming 2021 [UPDATED]","[""Course""]"
"271","Probabilistic Programming with Python and Julia","[""Course""]"
"272","Fast Introduction into Julia (2020)","[""Course""]"
"273","Programming using Julia","[""Course""]"
"274","Apache Spark with Scala - Hands On with Big Data!","[""Course""]"
"275","Scala & Functional Programming for Beginners | Rock the JVM","[""Course""]"
"276","Scala and Spark for Big Data and Machine Learning","[""Course""]"
"277","Advanced Scala and Functional Programming | Rock the JVM","[""Course""]"
"278","Scala Applied, Part 1","[""Course""]"
"279","Streaming Big Data with Spark Streaming and Scala - Hands On","[""Course""]"
"280","Spark 3.0 & Big Data Essentials with Scala | Rock the JVM","[""Course""]"
"281","Akka Essentials with Scala | Rock the JVM","[""Course""]"
"282","Scala Applied, Part 3","[""Course""]"
"283","Scala Advanced, Part 1 - The Scala Type System","[""Course""]"
"284","Apache Spark 3 - Spark Programming in Scala for Beginners","[""Course""]"
"285","Scala Applied, Part 2","[""Course""]"
"286","Akka Persistence with Scala | Rock the JVM","[""Course""]"
"287","Akka HTTP with Scala | Rock the JVM","[""Course""]"
"288","Learn How To Code: Google's Go (golang) Programming Language","[""Course""]"
"289","Go: The Complete Developer's Guide (Golang)","[""Course""]"
"290","Go Bootcamp: Master Golang with 1000+ Exercises and Projects","[""Course""]"
"291","Building Modern Web Applications with Go (Golang)","[""Course""]"
"292","Complete Guide to Protocol Buffers 3 [Java, Golang, Python]","[""Course""]"
"293","gRPC [Golang] Master Class: Build Modern API & Microservices","[""Course""]"
"294","Master Go (Golang) Programming:The Complete Go Bootcamp 2021","[""Course""]"
"295","How to design & develop REST microservices in Golang (Go)","[""Course""]"
"296","Exploring The Go (golang) Programming Language","[""Course""]"
"297","Mastering Multithreading Programming with Go (Golang)","[""Course""]"
"298","Concurrency in Go (Golang)","[""Course""]"
"299","Collaboration and Crawling W/ Google's Go (Golang) Language","[""Course""]"
"300","REST based microservices API development in Golang","[""Course""]"
"301","Golang: Intro to REST APIs with Go programming lang (Golang)","[""Course""]"
"302","iOS & Swift - The Complete iOS App Development Bootcamp","[""Course""]"
"303","iOS 11 & Swift 4 - The Complete iOS App Development Bootcamp","[""Course""]"
"304","The Complete iOS 10 & Swift 3 Developer Course","[""Course""]"
"305","The Complete iOS 11 & Swift Developer Course - Build 20 Apps","[""Course""]"
"306","SwiftUI Masterclass 2021 - iOS 14 App Development & Swift 5","[""Course""]"
"307","iOS & Swift: Become An App Developer","[""Course""]"
"308","The Complete iOS 12 & Swift Developer Course - Build 28 Apps","[""Course""]"
"309","How to Make a Freaking iPhone App - iOS 10 and Swift 3","[""Course""]"
"310","Build Your First iPhone App - iOS 14 Apps Using Swift 5","[""Course""]"
"311","iOS 13 - How to Make Amazing iPhone Apps: Xcode 11 & Swift 5","[""Course""]"
"312","The Complete iOS Development Course. Swift Programming A-Z","[""Course""]"
"313","Bash Scripting and Shell Programming (Linux Command Line)","[""Course""]"
"314","Linux Shell Scripting: A Project-Based Approach to Learning","[""Course""]"
"315","Bash Shell Scripting: Crash Course For Beginners","[""Course""]"
"316","Complete Linux Bash Shell Scripting with Real Life Examples","[""Course""]"
"317","Linux Bash Shell Scripting: Complete Guide (incl. AWK & SED)","[""Course""]"
"318","Complete Bash Shell Scripting","[""Course""]"
"319","BASH Programming Course: Master the Linux Command Line!","[""Course""]"
"320","Bash Shell Scripting Tutorial for Beginners","[""Course""]"
"321","Bash Shell scripting for admin and devops","[""Course""]"
"322","Linux Bash Shell Scripting: A Practical way of Learning","[""Course""]"
"323","Complete Linux Bootcamp for Beginners","[""Course""]"
"324","Bash Shell scripting and automation","[""Course""]"
"325","Bash Shell Scripting: From Scratch To Automation","[""Course""]"
"326","Learn Bash Shell in Linux for Beginners","[""Course""]"
"327","Bash scripting for beginners","[""Course""]"
"328","Learn to Code with Ruby","[""Course""]"
"329","Learn Ruby on Rails from Scratch","[""Course""]"
"330","Testing Ruby with RSpec: The Complete Guide","[""Course""]"
"331","Comprehensive Ruby Programming","[""Course""]"
"332","Ruby Programming for Beginners","[""Course""]"
"333","Ruby Programming For Everyone","[""Course""]"
"334","Learn Perl 5 By Doing It","[""Course""]"
"335","Enhance Your Skill Set with Perl","[""Course""]"
"336","Perl for Beginners: Learn A to Z of Perl Scripting Hands-on","[""Course""]"
"337","Perl Programming for Beginners","[""Course""]"
"338","COMPLETE PERL Programming 2021","[""Course""]"
"339","Perl Fundamentals","[""Course""]"
"340","Programming Perl for Beginners - The Ultimate Perl Tutorial","[""Course""]"
"341","Learning Perl by Example","[""Course""]"
"342","Getting Started with Perl for Beginners","[""Course""]"
"343","Power of Perl :: Learn Basic and Advanced Perl Programming","[""Course""]"
"344","PERL 5 Programming Course for Beginner to Advanced","[""Course""]"
"345","New Backend Development with PHP and PERL","[""Course""]"
"346","CIW Perl Specialist practice exams","[""Course""]"
"347","LAMP Stack and WAMP, MAMP : Install PHP, Apache, Perl, MySQL","[""Course""]"
"348","Become a Professional Programmer","[""Course""]"
"349","Mathematics for Computer Games Development using Unity","[""Course""]"
"350","MPLS Layer 3 VPN","[""Course""]"
"351","CCIE - MPLS Design and Configuration","[""Course""]"
"352","Les bases de Dynamics CRM 365","[""Course""]"
"353","Ethical Hacking : Wifi","[""Course""]"
"354","Real-World Ethical Hacking: Hands-on Cybersecurity","[""Course""]"
"355","Ethical Hacking with Metasploit: Exploit & Post Exploit","[""Course""]"
"356","Practical Ethical Hacking - The Complete Course","[""Course""]"
"357","Pratique pour l'examen | Oracle Database SQL 1Z0-071","[""Course""]"
"358","SQL Server : Configuration et modification d'une BDD sur SQL","[""Course""]"
"359","Apprendre la data science par la pratique avec Python !","[""Course""]"
"360","Data Science: Supervised Machine Learning in Python","[""Course""]"
"361","SQL Oracle, Theoretical Course: From Beginner to Mastery","[""Course""]"
"362","Train yourself in the SQL Server DBA profession (19-hour course)","[""Course""]"
"363","SQL Server: Configuration and modification of a database on SQL","[""Course""]"
"364","PHP-MongoDB # Develop an APP with Cloudinary & FusionChart","[""Course""]"
"365","Data Sciences from A to Z","[""Course""]"
"366","Data Science: Data Analysis with Python","[""Course""]"
"367","SQL for Data Science from A to Z (real data analysis)","[""Course""]"
"368","Programming in Python for Data Science from A to Z","[""Course""]"
"369","Programming in R for Data Science from A to Z","[""Course""]"
"370","Learn data science by doing with Python!","[""Course""]"
"371","Learn Data Science with R","[""Course""]"
"372","Data science - Discovery of the Pandas library for python","[""Course""]"
"373","Data science for algorithmic trading (2020)","[""Course""]"
"374","Data Science - Financial Applications","[""Course""]"
"375","ETL Testing: From Beginner to Expert","[""Course""]"
"376","ETL Framework for Data Warehouse Environments","[""Course""]"
"377","SQL/ETL Developer - T-SQL/Stored Procedures/ETL/SSIS","[""Course""]"
"378","Pentaho for ETL & Data Integration Masterclass 2021- PDI 9.0","[""Course""]"
"379","Pentaho Data Integration - ETL Essencial","[""Course""]"
"380","Data Science in R: ETL part 1- Import and Structure Data","[""Course""]"
"381","Data Warehouse ETL Testing & Data Quality Management A-Z","[""Course""]"
"382","Automating ETL - Complete Code Challenges and ETL Projects","[""Course""]"
"383","Data integration (ETL) with Talend Open Studio","[""Course""]"
"384","Introduction to Process Automation in ETL","[""Course""]"
"385","Data Science in R: ETL part 2 - Relationship between Data","[""Course""]"
"386","Microsoft Power BI: ETL, Analytics and Business Intelligence","[""Course""]"
"387","Learn to master ETL data integration with Pentaho kettle PDI","[""Course""]"
"388","Learn Data Warehousing From Scratch- From Solution Architect","[""Course""]"
"389","Design and Implementation of DataWarehouse with Sql Server 2019","[""Course""]"
"390","Snowflake Datawarehouse & Cloud Analytics - Introduction","[""Course""]"
"391","Data Warehouse For Beginners","[""Course""]"
"392","Learn Data Warehouse and ODI 11g - Step by Step Guide","[""Course""]"
"393","Oracle SQL for Data Analytics and Data warehousing overview","[""Course""]"
"394","TERADATA: Data Warehousing technology","[""Course""]"
"395","Ski through SnowFlake : The Data WareHouse","[""Course""]"
"396","Python OOP - Object Oriented Programming for Beginners","[""Course""]"
"397","Object Oriented Programming (OOP) in PHP - Build An OOP Site","[""Course""]"
"398","Python OOP Crash Course","[""Course""]"
"399","OOP Object Oriented Programming In PHP 7","[""Course""]"
"400","150+ Exercises - Python Object Oriented Programming - OOP","[""Course""]"
"401","Python 3: Deep Dive (Part 4 - OOP)","[""Course""]"
"402","C# OOP Concepts: Apply C# OOP Concepts On Real C# Projects","[""Course""]"
"403","Software Development From A to Z - OOP, UML, Agile, Python","[""Course""]"
"404","C# 8.0 - OOP - Ultimate Guide - Beginner to Advanced","[""Course""]"
"405","Building Database Web App PHP | OOP | PDO | AJAX | MySQL","[""Course""]"
"406","Demystifying OOP with C++","[""Course""]"
"407","Migration of databases to AWS in French!","[""Course""]"
"408","Amazon AWS EC2 for Beginners","[""Course""]"
"409","UI / UX App Design: Application Designer with Adobe XD","[""Course""]"
"410","Flexbox CSS - The Complete Guide to Practice","[""Course""]"
"411","CSS Animations - The Practical Guide","[""Course""]"
"412","UX UI - Adobe XD from beginner to advanced","[""Course""]"
"413","WEB DESIGN - The Complete Course | 18 hours + 5 WORKSHOPS","[""Course""]"
"414","Adobe XD create prototypes","[""Course""]"
"415","Python for Financial Analysis and Algorithmic Trading","[""Course""]"
"416","Object Oriented Programming (OOP) & Algorithmics, from A to Z","[""Course""]"
"417","Learn and master Excel from A to Z","[""Course""]"
"418","Excel: Macro - VBA","[""Course""]"
"419","Excel, master the key skills to become an expert!","[""Course""]"
"420","Excel: SEARCH FUNCTIONS","[""Course""]"
"421","Excel from 0 to Hero become an expert too","[""Course""]"
"422","Excel VBA: become an expert!","[""Course""]"
"423","Microsoft Excel 2019 in less than an hour for beginners","[""Course""]"
"424","Juniper JNCIA Made Easy: Complete JNCIA Course with LAB","[""Course""]"
"425","Installer, configurer et administrer Ubuntu Server (Linux)","[""Course""]"
"426","Install, configure and administer Ubuntu Server (Linux)","[""Course""]"
"427","Maintain, audit and automate Linux systems (Ubuntu)","[""Course""]"
"428","Software Development Processes (SDLC Models)","[""Course""]"
"429","The Software Development Process - The Complete Course","[""Course""]"
"430","Become # 1 on Google | Complete SEO Guide | SEO","[""Course""]"
"431","Google SEO ? Certification | The Complete Course (3 IN 1)","[""Course""]"
"432","Formation SEO & WordPress","[""Course""]"
"433","The GUIDE from 0 to 2000 qualified visitors thanks to SEO","[""Course""]"
"434","Git and GitHub training: from Beginner to Expert","[""Course""]"
"435","Git & GitHub: the ULTIMATE training","[""Course""]"
"436","Learning Git - A Guide to Learning to Use Git","[""Course""]"
"437","Learn to use Git","[""Course""]"
"438","Complete Git Guide: Understand and master Git and GitHub","[""Course""]"
"439","Git and Github for dummies","[""Course""]"
"440","Git: The essential for any developer","[""Course""]"
"441","Master the fundamentals of Git and Github","[""Course""]"
"442","Java EE: Spring Framework / Hibernate / Git / Maven / Flickr","[""Course""]"
"443","Tableau 10 : Data Analytics, Visualization et Reporting","[""Course""]"
"444","SQL and Data Visualization - The Complete Course","[""Course""]"
"445","Python Data Analysis & Visualization Bootcamp","[""Course""]"
"446","D3.js Data Visualization Fundamentals - Hands On","[""Course""]"
"447","Interactive Data Visualization with Python and Bokeh","[""Course""]"
"448","Data Visualization with Kibana","[""Course""]"
"449","Build Data Visualizations with D3.js & Firebase","[""Course""]"
"450","Mastering data visualization in D3.js [2020 UPDATE]","[""Course""]"
"451","Data Visualization with Python for Beginners","[""Course""]"
"452","Data Storytelling and Data Visualization 2020","[""Course""]"
"453","Make Meetings Work & Tackle Time Management Troubles","[""Course""]"
"454","Practical Project Management for Managers and First Time PMs","[""Course""]"
"455","The Secrets of Self-Motivation Mastery","[""Course""]"
"456","Selenium WebDriver with Java -Basics to Advanced+Frameworks","[""Course""]"
"457","Rest API Testing (Automation) from Scratch -RestAssured Java","[""Course""]"
"458","Appium -Mobile Automation Testing from Scratch + Frameworks","[""Course""]"
"459","Learn JMETER from Scratch on Live Apps -Performance Testing","[""Course""]"
"460","Master Software Testing+Jira+Agile on Live App-Be a TeamLead","[""Course""]"
"461","Quick introduction to Postman for beginners","[""Course""]"
"462","The Complete 2021 Software Testing Bootcamp","[""Course""]"
"463","In-Depth Software Testing Training Course From Scratch","[""Course""]"
"464","Automated Software Testing with Python","[""Course""]"
"465","POSTMAN API Testing - Step by Step for Beginners","[""Course""]"
"466","Become a Software Tester: Learn Software Testing & Get a Job","[""Course""]"
"467","REST API Testing, Automation using POSTMAN","[""Course""]"
"468","Ethical Hacking:Network Fundamentals & Network Layer Attacks","[""Course""]"
"469","Wireless Networking Fundamentals","[""Course""]"
"470","The Complete Networking Fundamentals Course. Your CCNA start","[""Course""]"
"471","Python Network Programming for Network Engineers (Python 3)","[""Course""]"
"472","Python for Network Engineers: Netmiko, NAPALM, pyntc, Telnet","[""Course""]"
"473","Mastering Modbus RS485 Network Communication","[""Course""]"
"474","Computer Networking : Go from Zero to Hero (2021)","[""Course""]"
"475","Data Modeling and Relational Database Design using Erwin","[""Course""]"
"476","Learning Data Modeling","[""Course""]"
"477","OBIEE 12c Data Modeling Course","[""Course""]"
"478","Build and train a data model to recognize objects in images!","[""Course""]"
"479","Data Modelling For Beginners","[""Course""]"
"480","Microsoft SQL Server Certification (70-768): SQL Data Models","[""Course""]"
"481","Data Modelling and Database Design for Business Analysts","[""Course""]"
"482","SAP MDG - Data Modeling for Beginners with Hands-On","[""Course""]"
"483","Data modeling and Relational database design","[""Course""]"
"484","Microsoft 70-466:Implementing Data Models & Reports","[""Course""]"
"485","Statistics for Data Science and Business Analysis","[""Course""]"
"486","Microsoft Excel Data Analysis - Learn How The Experts Use It","[""Course""]"
"487","Complete Introduction to Business Data Analysis","[""Course""]"
"488","Microsoft Excel Data Analysis and Dashboard Reporting","[""Course""]"
"489","SQL for Data Analysis: Beginner MySQL Business Intelligence","[""Course""]"
"490","Python A-Z?: Python For Data Science With Real Exercises!","[""Course""]"
"491","Statistics for Data Analysis Using Excel 2016","[""Course""]"
"492","Excel Dashboard and Data Analysis Masterclass","[""Course""]"
"493","Data Analysis with Pandas and Python","[""Course""]"
"494","Learning Python for Data Analysis and Visualization","[""Course""]"
"495","Presentation Skills: Master Confident Presentations","[""Course""]"
"496","PowerPoint Masterclass - Presentation Design & Animation","[""Course""]"
"497","Brain Hacking Presentations Skills","[""Course""]"
"498","Powerpoint 2016 2019 - Master powerpoint presentation","[""Course""]"
"499","Build, Modernize and Troubleshoot your Android Apps","[""Course""]"
"500","Effective teamwork using SharePoint and Lync 2010","[""Course""]"
"501","Technical Writing: How to Write Software Documentation","[""Course""]"
"502","Create your Microsoft Word documentation | From Zero to Pro","[""Course""]"
"503","Python for Data Science and Machine Learning Bootcamp","[""Course""]"
"504","Machine Learning, Data Science and Deep Learning with Python","[""Course""]"
"505","Introduction to Machine Learning for Data Science","[""Course""]"
"506","Complete Machine Learning & Data Science Bootcamp 2021","[""Course""]"
"507","Cluster Analysis and Unsupervised Machine Learning in Python","[""Course""]"
"508","Bayesian Machine Learning in Python: A/B Testing","[""Course""]"
"509","Data Science 2021 : Complete Data Science & Machine Learning","[""Course""]"
"510","Python & Machine Learning for Financial Analysis","[""Course""]"
"511","A-Z Machine Learning using Azure Machine Learning (AzureML)","[""Course""]"
"512","Complete 2020 Data Science & Machine Learning Bootcamp","[""Course""]"
"513","Data Science: Deep Learning in Python","[""Course""]"
"514","Deep Learning Prerequisites: The Numpy Stack in Python (V2+)","[""Course""]"
"515","The Data Science Course 2021: Complete Data Science Bootcamp","[""Course""]"
"516","Deep Learning Prerequisites: Linear Regression in Python","[""Course""]"
"517","Deep Learning: Convolutional Neural Networks in Python","[""Course""]"
"518","Deep Learning Prerequisites: Logistic Regression in Python","[""Course""]"
"519","Deep Learning: Recurrent Neural Networks in Python","[""Course""]"
"520","Modern Deep Learning in Python","[""Course""]"
"521","The Business Intelligence Analyst Course 2021","[""Course""]"
"522","Business Intelligence with Microsoft Power BI -With Material","[""Course""]"
"523","Power BI Masterclass Business Intelligence in action","[""Course""]"
"524","Excel 2013 PowerPivot & Advanced Business Intelligence Tools","[""Course""]"
"525","Data Warehousing and Business Intelligence for Managers","[""Course""]"
"526","Business Intelligence Development Using Python","[""Course""]"
"527","Oracle Business Intelligence Enterprise Edition (OBIEE 11g)","[""Course""]"
"528","Business Intelligence (BI) and Financial Forecasting","[""Course""]"
"529","Tableau 10 Business Intelligence Solutions - Volume 1","[""Course""]"
"530","Business Intelligence IT & Analytics","[""Course""]"
"531","Oracle DBA 11g/12c - Database Administration for Junior DBA","[""Course""]"
"532","Oracle Database Administrator DBA","[""Course""]"
"533","A Guide to becoming an Oracle Database Administrator (DBA)","[""Course""]"
"534","Foundation for Oracle Database Administrator (DBA)","[""Course""]"
"535","Oracle Database Administration for Absolute Beginners","[""Course""]"
"536","SQL Server Database Administrator: Learn SQL DBA Skills","[""Course""]"
"537","OCP MySQL 5.7 Database Administrator (1Z0-888) Practice Test","[""Course""]"
"538","Learn T-SQL From Scratch For SQL Server Administrator","[""Course""]"
"539","SQL and Database for Analysts - Increase your team value","[""Course""]"
"540","MySQL Database Administration - SQL Database for Beginners","[""Course""]"
"541","Database Management Systems - MySQL","[""Course""]"
"542","Oracle Database Administration","[""Course""]"
"543","The Data Analyst Course: Complete Data Analyst Bootcamp 2021","[""Course""]"
"544","Practical SQL Bootcamp for Data Analysts and Data Scientists","[""Course""]"
"545","Data Analyst's Toolbox: Excel to MySQL","[""Course""]"
"546","Data Analysts Toolbox: Excel, Python, Power BI","[""Course""]"
"547","Become a Python Data Analyst","[""Course""]"
"548","CCA 159 - Data Analyst using Sqoop, Hive and Impala","[""Course""]"
"549","Python Interview Quiz for Data Analyst","[""Course""]"
"550","Microsoft Excel for Data Analysts","[""Course""]"
"551","Data Analysis with Microsoft Excel and Google Sheets","[""Course""]"
"552","Become a Game Designer the Complete Series Coding to Design","[""Course""]"
"553","Game Designer Briefcase: Virtual Reality & Character Sculpt","[""Course""]"
"554","Learn Professional 2D Game Asset Graphic Design in Photoshop","[""Course""]"
"555","Become a professional Game Designer","[""Course""]"
"556","Learn to Design Game Assets in Photoshop","[""Course""]"
"557","Learn Game Maker Studio 2: Introduction to Game Development","[""Course""]"
"558","Brief Introduction to Game Design","[""Course""]"
"559","Learning Game Design: Part 1","[""Course""]"
"560","Unreal Engine Blueprint Game Developer","[""Course""]"
"561","Unity 2D Game Developer Course Farming RPG","[""Course""]"
"562","The Complete Unity Indie Game Developer Course","[""Course""]"
"563","3D Modeling in Blender 2.8 for Unity Video Game Developers","[""Course""]"
"564","Unity Game Development Master Class","[""Course""]"
"565","Game Design Analysis for Developers","[""Course""]"
"566","The Game Developer Bootcamp","[""Course""]"
"567","Junior Game Developer","[""Course""]"
"568","Making Your First Game: GameMaker Studio 2","[""Course""]"
"569","Game Development","[""Course""]"
"570","Unity Game Development Build 2D & 3D Games","[""Course""]"
"571","React Native for Mobile Developers","[""Course""]"
"572","Intermediate Mobile App Development (Swift 3, iPhone iOS10)","[""Course""]"
"573","9A0-064 Adobe Flash Lite 2.0 Mobile Developer Practice Exam","[""Course""]"
"574","Mobile and Web Development with React JS & Native & Angular","[""Course""]"
"575","Android App Development with Kotlin","[""Course""]"
"576","Beginning Project Management: Project Management Level One","[""Course""]"
"577","The Project Management Course: Beginner to PROject Manager","[""Course""]"
"578","Project Management Essentials","[""Course""]"
"579","Project Management Fundamentals: Crash Course for Beginners","[""Course""]"
"580","Project Management: Getting Started and Beyond","[""Course""]"
"581","The Technical Project Manager - Leadership & Management","[""Course""]"
"582","Project management for Beginners:First step Project manager","[""Course""]"
"583","How to become a Project Manager for a Painting Company","[""Course""]"
"584","Project Management: From Beginner to ""Project Manager""","[""Course""]"
"585","How to become a successful SAP Project Manager","[""Course""]"
"586","Project Management Skills for Non Project Managers","[""Course""]"
"587","Successful Project Manager","[""Course""]"
"588","Project Management: Simple Software Project Management","[""Course""]"
"589","Project Integration Management","[""Course""]"
"590","Complete Cyber Security Course: Beginner's Guide","[""Course""]"
"591","Become a Junior Java Software Developer","[""Course""]"
"592","How to Become a Software Developer From Scratch","[""Course""]"
"593","C programming, Golden step to become software developer","[""Course""]"
"594","Visual Studio Code for Software Developers","[""Course""]"
"595","Software Architecture for the Enterprise Architect","[""Course""]"
"596","Software Architecture and Design Essentials","[""Course""]"
"597","Software Testing Masterclass (2021) - From Novice to Expert","[""Course""]"
"598","Software Testing A-Z: Boost your career to the next level","[""Course""]"
"599","Sketching for UX Designers - Boost UX work with pen & paper!","[""Course""]"
"600","Complete Web & Mobile Designer in 2021: UI/UX, Figma, +more","[""Course""]"
"601","UI Design Handoff to Development. Course for UX/UI Designer","[""Course""]"
"602","Become a UI/UX Designer | Everything You need to know","[""Course""]"
"603","Get Started in UI/UX Design","[""Course""]"
"604","Mobile App Design in Affinity Designer: UX & UI from Scratch","[""Course""]"
"605","The Complete App Design Course - UX, UI and Design Thinking","[""Course""]"
"606","The Complete Web Developer in 2021: Zero to Mastery","[""Course""]"
"607","The Advanced Web Developer Bootcamp","[""Course""]"
"608","The Complete 2021 Web Development Bootcamp","[""Course""]"
"609","The Complete Web Developer Masterclass: Beginner To Advanced","[""Course""]"
"610","Become a Web Developer from Scratch","[""Course""]"
"611","Become A Full Stack Web Developer - Beginner To Advanced","[""Course""]"
"612","Advanced Web Developer Course: Beginner to Advanced","[""Course""]"
"613","The Essential Web Developer Course - Build 12 Websites","[""Course""]"
"614","The Complete 2020 Web Developer Master Course","[""Course""]"
"615","Bootcamp programistyczny 2020 (PL): Web dev Full stack","[""Course""]"
"616","Dev FullStack con Spring Boot Java 8 y Angular 9 Typescript","[""Course""]"
"617","Full stack web development and AI with Python (Django)","[""Course""]"
"618","Fullstack Go Golang Node.Js Python PHP Sci Fi Dev Framework","[""Course""]"
"619","Node with React: Fullstack Web Development","[""Course""]"
"620","MERN Stack Front To Back: Full Stack React, Redux & Node.js","[""Course""]"
"621","Python and Django Full Stack Web Developer Bootcamp","[""Course""]"
"622","The Complete Full-Stack JavaScript Course!","[""Course""]"
"623","The Complete 2020 Fullstack Web Developer Course","[""Course""]"
"624","The Full Stack Web Development","[""Course""]"
"625","Full-Stack Web Development For Beginners","[""Course""]"
"626","The complete React Fullstack course ( 2021 edition )","[""Course""]"
"627","React and Serverless - Fullstack Web Development","[""Course""]"
"628","Desenvolvimento Web Full Stack com Python e Django","[""Course""]"
"629","Python for Computer Vision with OpenCV and Deep Learning","[""Course""]"
"630","Deep Learning: Advanced Computer Vision (GANs, SSD, +More!)","[""Course""]"
"631","PyTorch for Deep Learning and Computer Vision","[""Course""]"
"632","Convolutional Neural Networks in Python: CNN Computer Vision","[""Course""]"
"633","Computer Vision: YOLO Custom Object Detection with Colab GPU","[""Course""]"
"634","Computer Vision: Face Recognition Quick Starter in Python","[""Course""]"
"635","OpenCV Python For Beginners | Hands on Computer Vision","[""Course""]"
"636","Computer Vision: Python OCR & Object Detection Quick Starter","[""Course""]"
"637","Hands-On Computer Vision with OpenCV 4, Keras & TensorFlow 2","[""Course""]"
"638","Computer Vision and Machine Learning with OpenCV 4","[""Course""]"
"639","Computer Vision In Python! Face Detection & Image Processing","[""Course""]"
"640","Complete Guide to TensorFlow for Deep Learning with Python","[""Course""]"
"641","Learning Path:TensorFlow: The Road to TensorFlow-2nd Edition","[""Course""]"
"642","TensorFlow 2.0 Masterclass: Hands-On Deep Learning and AI","[""Course""]"
"643","TensorFlow - Hands-on Machine Learning with TensorFlow 2021","[""Course""]"
"644","TensorFlow: Artificial Intelligence with TensorFlow: 3-in-1","[""Course""]"
"645","Intro to TensorFlow - For iOS & Android","[""Course""]"
"646","Introduction to tensorflow 2","[""Course""]"
"647","Tensorflow 2.0: Deep Learning and Artificial Intelligence","[""Course""]"
"648","Complete Tensorflow 2 and Keras Deep Learning Bootcamp","[""Course""]"
"649","Deep Learning with TensorFlow 2.0 [2021]","[""Course""]"
"650","A Complete Guide on TensorFlow 2.0 using Keras API","[""Course""]"
"651","Machine Learning in JavaScript with TensorFlow.js","[""Course""]"
"652","Tensorflow and Keras For Neural Networks and Deep Learning","[""Course""]"
"653","PyTorch: Deep Learning and Artificial Intelligence","[""Course""]"
"654","PyTorch for Deep Learning with Python Bootcamp","[""Course""]"
"655","Practical Deep Learning with PyTorch","[""Course""]"
"656","Reinforcement Learning with Pytorch","[""Course""]"
"657","Introduction to Generative Adversarial Networks with PyTorch","[""Course""]"
"658","PyTorch Tutorial - Neural Networks & Deep Learning in Python","[""Course""]"
"659","Build an app with ASPNET Core and Angular from scratch","[""Course""]"
"660","Complete guide to ASP.NET Core MVC (.NET 5)","[""Course""]"
"661","Build a Real-world App with ASP.NET Core and Angular 2 (4+)","[""Course""]"
"662","Programming in Blazor - ASP.NET Core 5","[""Course""]"
"663","Advanced ASP.NET Core 3.1 MVC","[""Course""]"
"664",".NET Core 3.1 Web API & Entity Framework Core Jumpstart","[""Course""]"
"665","Complete ASP.Net Core 3.1 and Entity Framework Development","[""Course""]"
"666","Rest Api's in Asp.Net Core and C#","[""Course""]"
"667","Learn C#.Net Core With Real World Examples","[""Course""]"
"668","The Complete ASP.NET MVC 5 Course","[""Course""]"
"669","Asp.Net MVC 5 - Ultimate Guide - In depth & Sample Project","[""Course""]"
"670","Dependency Injection in .NET Core & .NET 5 (Second Edition)","[""Course""]"
"671","The Complete jQuery Course: From Beginner To Advanced!","[""Course""]"
"672","jQuery for Absolute Beginners : From Beginning to Advanced","[""Course""]"
"673","1 hour jQuery","[""Course""]"
"674","jQuery Course Beginner to Professional jQuery for beginners","[""Course""]"
"675","jQuery Crash Course: Learn the Essentials of jQuery Fast","[""Course""]"
"676","jQuery UI in Action: Build 11 jQuery UI Projects","[""Course""]"
"677","Complete Javascript Course for Beginners with jQuery & AJAX","[""Course""]"
"678","Bootstrap & jQuery - Certification Course for Beginners","[""Course""]"
"679","Superb jQuery Course - Become Certified jQuery Developer","[""Course""]"
"680","jQuery Memory Game Project How to code a Project with jQuery","[""Course""]"
"681","The complete beginner JavaScript ES5, ES6 and JQuery Course","[""Course""]"
"682","jQuery for Absolute Beginners","[""Course""]"
"683","React - The Complete Guide (incl Hooks, React Router, Redux)","[""Course""]"
"684","Modern React with Redux [2020 Update]","[""Course""]"
"685","The Complete React Native + Hooks Course [2020 Edition]","[""Course""]"
"686","Complete React Developer in 2021 (w/ Redux, Hooks, GraphQL)","[""Course""]"
"687","React Native - The Practical Guide [2021 Edition]","[""Course""]"
"688","The Complete React Developer Course (w/ Hooks and Redux)","[""Course""]"
"689","Hello React - React Training for JavaScript Beginners","[""Course""]"
"690","Complete React Hooks Course 2020: A - Z ( Scratch to React )","[""Course""]"
"691","React js. From the beginning. w/ Redux and React Router","[""Course""]"
"692","React Native and Redux Course using hooks","[""Course""]"
"693","The complete React Native course ( 2021 edition )","[""Course""]"
"694","Meteor and React for Realtime Apps","[""Course""]"
"695","Full React Js Course: React JS, Redux, Hooks and Context","[""Course""]"
"696","Introduction to D3.js with React","[""Course""]"
"697","Angular - The Complete Guide (2021 Edition)","[""Course""]"
"698","The Complete Angular Course: Beginner to Advanced","[""Course""]"
"699","Angular Crash Course for Busy Developers","[""Course""]"
"700","Learn and Understand AngularJS","[""Course""]"
"701","Angular & NodeJS - The MEAN Stack Guide [2021 Edition]","[""Course""]"
"702","Angular (Full App) with Angular Material, Angularfire & NgRx","[""Course""]"
"703","Learn Protractor(Angular Testing) from scratch +Framework","[""Course""]"
"704","Angular Router In Depth","[""Course""]"
"705","Angular Core Deep Dive (with FREE E-Book)","[""Course""]"
"706","Angular 4 Java Developers","[""Course""]"
"707","Angular 11 Masterclass with TypeScript, Firebase, & Material","[""Course""]"
"708","Angular interview questions with answers","[""Course""]"
"709","Node.js, Express, MongoDB & More: The Complete Bootcamp 2021","[""Course""]"
"710","Node.js API Masterclass With Express & MongoDB","[""Course""]"
"711","React, NodeJS, Express & MongoDB - The MERN Fullstack Guide","[""Course""]"
"712","Learn Express","[""Course""]"
"713","The Complete Express And NodeJS Developer Course","[""Course""]"
"714","Building REST API using Node.js and Express","[""Course""]"
"715","Advanced Node.js Development","[""Course""]"
"716","Getting Started with NodeJS for Beginners","[""Course""]"
"717","Mastering NodeJs","[""Course""]"
"718","The Complete Node Js + Express JS + Mongo DB Bootcamp 2020","[""Course""]"
"719","Intro to NodeJS","[""Course""]"
"720","Full Stack Isomorphic JavaScript with Vue.js & Node.js","[""Course""]"
"721","Web Scraping in Nodejs & JavaScript","[""Course""]"
"722","Learn and Understand NodeJS","[""Course""]"
"723","NodeJS - The Complete Guide (MVC, REST APIs, GraphQL, Deno)","[""Course""]"
"724","Xamarin Forms: Build Native Cross-platform Apps with C#","[""Course""]"
"725","Xamarin on Steroids: Xamarin Forms Shell and MVVM","[""Course""]"
"726","Xamarin Android: Learn to Build Native Android Apps With C#","[""Course""]"
"727","Xamarin Quest: Build Maintainable Apps with Xamarin and MVVM","[""Course""]"
"728","The Advanced Xamarin Developer Masterclass","[""Course""]"
"729","Xamarin & Firebase: Authentication and Firestore for Xamarin","[""Course""]"
"730","Learn MVVM in Xamarin Forms and C#","[""Course""]"
"731","Build Real World App with Xamarin Forms","[""Course""]"
"732","Xamarin: Build Native Cross Platform Apps with C# Codes","[""Course""]"
"733","Xamarin Android in C# and Firebase","[""Course""]"
"734","The Ultimate Hands-On Hadoop: Tame your Big Data!","[""Course""]"
"735","Taming Big Data with MapReduce and Hadoop - Hands On!","[""Course""]"
"736","Learn Big Data: The Hadoop Ecosystem Masterclass","[""Course""]"
"737","Hadoop Developer In Real World","[""Course""]"
"738","CCA 175 - Spark and Hadoop Developer Certification - Scala","[""Course""]"
"739","Learn By Example: Hadoop, MapReduce for Big Data problems","[""Course""]"
"740","Become a Hadoop Developer |Training|Tutorial","[""Course""]"
"741","Master Apache Hadoop - Infinite Skills Hadoop Training","[""Course""]"
"742","A Big Data Hadoop and Spark project for absolute beginners","[""Course""]"
"743","Hadoop MAPREDUCE in Depth | A Real-Time course on Mapreduce","[""Course""]"
"744","Real World Hadoop - Automating Hadoop install with Python!","[""Course""]"
"745","Real World Hadoop - Deploying Hadoop with Cloudera Manager","[""Course""]"
"746","Learn how to Analyse Hadoop Data using Apache Pig","[""Course""]"
"747","Flutter - Beginners Course","[""Course""]"
"748","Flutter - Advanced Course","[""Course""]"
"749","The Complete 2021 Flutter Development Bootcamp with Dart","[""Course""]"
"750","Flutter & Dart - The Complete Guide [2021 Edition]","[""Course""]"
"751","Dart and Flutter: The Complete Developer's Guide","[""Course""]"
"752","Flutter & Firebase: Build a Complete App for iOS & Android","[""Course""]"
"753","Master Flutter - Learn Dart & Flutter by Developing 5 Apps","[""Course""]"
"754","The Complete Flutter Bootcamp: Zero to Hero in Flutter Dart","[""Course""]"
"755","Build a Rental App with Flutter: iOS & Android Masterclass","[""Course""]"
"756","Flutter For You","[""Course""]"
"757","Flutter Mobile E-Commerce: In-App Purchase Flutter & Square","[""Course""]"
"758","The Complete Flutter and Firebase Developer Course","[""Course""]"
"759","Flutter with Firebase","[""Course""]"
"760","Flutter & Dart - The Complete Flutter App Development Course","[""Course""]"
"761","Bootstrap 4 From Scratch With 5 Projects","[""Course""]"
"762","WordPress Theme Development with Bootstrap","[""Course""]"
"763","The Bootstrap 4 Bootcamp","[""Course""]"
"764","Responsive Web Design Essentials - HTML5 CSS3 Bootstrap","[""Course""]"
"765","Learn Bootstrap 4 By Creating An Advanced Bootstrap Theme","[""Course""]"
"766","Build Responsive Website Using HTML5, CSS3, JS And Bootstrap","[""Course""]"
"767","HTML, JavaScript, & Bootstrap - Certification Course","[""Course""]"
"768","Bootstrap - Create 4 Real World Projects","[""Course""]"
"769","Bootstrap Basics: Program Responsive Websites","[""Course""]"
"770","Master Bootstrap 5 and code 6 projects","[""Course""]"
"771","Bootstrap 4 Beginners: Code a Responsive Landing Page","[""Course""]"
"772","Build Modern Responsive Website With HTML5, CSS3 & Bootstrap","[""Course""]"
"773","Bootstrap: Build a modern Responsive website with bootstrap","[""Course""]"
"774","Learn Bootstrap By Building Projects - Includes Bootstrap 4","[""Course""]"
"775","Learn Bootstrap - For Beginners","[""Course""]"
"776","REST APIs with Flask and Python","[""Course""]"
"777","Python and Flask Bootcamp: Create Websites using Flask!","[""Course""]"
"778","Web Developer Bootcamp with Flask and Python","[""Course""]"
"779","Python REST APIs with Flask, Docker, MongoDB, and AWS DevOps","[""Course""]"
"780","Advanced REST APIs with Flask and Python","[""Course""]"
"781","The Ultimate Flask Course","[""Course""]"
"782","Python And Flask Framework Complete Course For Beginners","[""Course""]"
"783","Scalable Web Applications with Python, Flask, and SQLAlchemy","[""Course""]"
"784","Face Recognition Web App with Machine Learning in Flask","[""Course""]"
"785","Python,Flask Framework And Django Course For Beginners","[""Course""]"
"786","The Flask Mega-Tutorial (Python Web Development)","[""Course""]"
"787","Python And Flask Demonstrations Practice Course","[""Course""]"
"788","The Complete Python Masterclass: Learn Python From Scratch","[""Course""]"
"789","Python Django Dev To Deployment","[""Course""]"
"790","Build a Backend REST API with Python & Django - Advanced","[""Course""]"
"791","Django 3 - Full Stack Websites with Python Web Development","[""Course""]"
"792","Django Masterclass : Build Web Apps With Python & Django","[""Course""]"
"793","Django & Python: complete BUNDLE + Django real project 2020","[""Course""]"
"794","The Complete Python 3 Course: Beginner to Advanced!","[""Course""]"
"795","Django Core | A Reference Guide to Core Django Concepts","[""Course""]"
"796","Build Python Django Real Project: Django Web Development","[""Course""]"
"797","The Ultimate Beginner's Guide to Django 1.11","[""Course""]"
"798","Django A-Z: Build & Deploy Web Project With Python & Django","[""Course""]"
"799","Python Django Web Development: To-Do App","[""Course""]"
"800","Python And Django Framework For Beginners Complete Course","[""Course""]"
"801","The Complete Ruby on Rails Developer Course","[""Course""]"
"802","Dissecting Ruby on Rails 5 - Become a Professional Developer","[""Course""]"
"803","Professional Ruby on Rails Developer with Rails 5","[""Course""]"
"804","Ruby and Ruby on Rails Starter","[""Course""]"
"805","Ruby on Rails 6: Learn 25+ gems and build a Startup MVP 2021","[""Course""]"
"806","Ruby on Rails Foundations","[""Course""]"
"807","REST API with Ruby on Rails: The Complete Guide","[""Course""]"
"808","Basics of GraphQL with Ruby on Rails","[""Course""]"
"809","JavaScript and Ruby on Rails with React, Angular, and Vue","[""Course""]"
"810","Ruby on Rails 6 Complete Beginner's Course [2020]","[""Course""]"
"811","Ruby on Rails 5 Masterclass: Build Ajax web app from scratch","[""Course""]"
"812","2020 Complete Ruby on Rails 6 Bootcamp: Learn Ruby on Rails","[""Course""]"
"813","Ruby on Rails: Training and Skills to Build Web Applications","[""Course""]"
"814","Ruby On Rails for Beginners","[""Course""]"
"815","Master Ruby on Rails - For Beginners","[""Course""]"
"816","PHP with Laravel for beginners - Become a Master in Laravel","[""Course""]"
"817","Laravel Masterclass:Make 6 web apps with PHP,Laravel 8[2021]","[""Course""]"
"818","RESTful API with Laravel: Build a Real API with Laravel","[""Course""]"
"819","Laravel 2019, the complete guide with real world projects","[""Course""]"
"820","Laravel with Vue.js - Fullstack Web Development (2020)","[""Course""]"
"821","Master Laravel with Vue.js Fullstack Development","[""Course""]"
"822","Master Laravel for Beginners & Intermediate [2020 Update]","[""Course""]"
"823","Ultimate PHP, Laravel, CSS & Sass! Learn PHP, Laravel & Sass","[""Course""]"
"824","Crash Course Laravel and Vue JS 2021 Bootcamp + free CMS","[""Course""]"
"825","Laravel 7 for Beginners practical course","[""Course""]"
"826","Laravel & Realtime: Build Several Realtime Apps with Laravel","[""Course""]"
"827","Laravel 8 PHP Framework A - Z Build Professional Ecommerce","[""Course""]"
"828","Laravel 8 Vuejs & RESTful API Course With Complete Project","[""Course""]"
"829","Master Laravel & Create High-Level Applications with Laravel","[""Course""]"
"830","Laravel API Development & Vue JS SPA from Scratch","[""Course""]"
"831","Vue - The Complete Guide (w/ Router, Vuex, Composition API)","[""Course""]"
"832","Build Web Apps with Vue JS 3 & Firebase","[""Course""]"
"833","Vue JS Essentials with Vuex and Vue Router","[""Course""]"
"834","Vue JS 2.0 - Mastering Web Apps","[""Course""]"
"835","React JS, Angular & Vue JS - Quickstart & Comparison","[""Course""]"
"836","Complete Vue.js 3 (Inc. Composition API, Vue Router, Vuex)","[""Course""]"
"837","Vue.js Essentials - 3 Course Bundle","[""Course""]"
"838","Vue JS 2: From Beginner to Professional (includes Vuex)","[""Course""]"
"839","Complete Web Development Course: HTML, Vue.js, PHP, MySQL","[""Course""]"
"840","The Complete Guide to Django REST Framework and Vue JS","[""Course""]"
"841","Application Development with Advanced Ember","[""Course""]"
"842","Become a Professional JavaScript Programmer","[""Course""]"
"843","Backbone Tutorial: Learn Backbonejs from Scratch","[""Course""]"
"844","Learn to Program in BackboneJs : Code like a Pro","[""Course""]"
"845","The Ultimate BackboneJS Course - Learn By Building a Website","[""Course""]"
"846","Master Backbone JS: A Course For Web Developers & Designers","[""Course""]"
"847","Learning BackboneJS Testing","[""Course""]"
"848","React Native Expo from Beginner to Pro :: Also with MeteorJS","[""Course""]"
"849","Create Web Apps with Meteor & React","[""Course""]"
"850","Advance Projects in Meteor : Build Apps Using JavaScript","[""Course""]"
"851","Learn MeteorJS By Building 10 Real World Projects","[""Course""]"
"852","Master Meteor - Meteor JS From the Ground up","[""Course""]"
"853","Learn React and Meteor in 2021: Build a multiplayer game","[""Course""]"
"854","Meteor: Build a real-time web app using only JavaScript!","[""Course""]"
"855","Fundamentals of Meteor.js","[""Course""]"
"856","Meteor: Full Stack JavaScript, MongoDB & App Development","[""Course""]"
"857","Build your first real-time web application with MeteorJS","[""Course""]"
"858","Learn Web Development by Creating a Social Network","[""Course""]"
"859","CherryPy - A minimalist web framework for python","[""Course""]"
"860","Python - Bottle Web Framework","[""Course""]"
"861","Fun and creative web engineering with Python and Web2py","[""Course""]"
"862","GitHub Ultimate: Master Git and GitHub - Beginner to Expert","[""Course""]"
"863","Git & GitHub Complete Masterclass : Beginner to Git Expert","[""Course""]"
"864","Git & GitHub Masterclass","[""Course""]"
"865","Git & GitHub with Eclipse, Android studio & IntelliJ","[""Course""]"
"866","The Complete GitHub Actions & Workflows Guide","[""Course""]"
"867","Git & GitHub - The Complete Git & GitHub Course","[""Course""]"
"868","Git & GitHub: Ultimate and Practical Guide for Beginners!","[""Course""]"
"869","Git Github Gitkraken: Version Control without Command Line","[""Course""]"
"870","Github introduction to version control and remote files","[""Course""]"
"871","Sketch from A to Z (2020): Become an app designer","[""Course""]"
"872","The Complete Sketch 5 Course - Design Apps & Websites 2020","[""Course""]"
"873","Mobile App Design from scratch with Sketch 3 : UX and UI","[""Course""]"
"874","UI Animation using Sketch 3, Principle App, and Flinto","[""Course""]"
"875","Learn Sketch in 30 Minutes","[""Course""]"
"876","Sketch App - Modern UI Design","[""Course""]"
"877","Hands on Sketch Training - Learn Website Design","[""Course""]"
"878","Hands on Sketch Training - Learn Mobile App Design","[""Course""]"
"879","Mastering Sublime Text 3 - Text Editing, Web and Python Dev","[""Course""]"
"880","Customizing Sublime Text: Build Your Perfect Code Editor","[""Course""]"
"881","Sublime Text 3 Editor for Developers to work like a Pro","[""Course""]"
"882","Make Sublime Coders Friendly","[""Course""]"
"883","Animating Sketch files in InVision Studio (2020)","[""Course""]"
"884","Diving In with InVision Studio","[""Course""]"
"885","Mastering Mobile App Design With InVision Studio","[""Course""]"
"886","InVision Studio for UI Designers","[""Course""]"
"887","Learn The Secrets of Web Design With Invision Studio","[""Course""]"
"888","Learn JIRA with real-world examples (+Confluence bonus)","[""Course""]"
"889","Understanding Jira for users, managers and admins","[""Course""]"
"890","Best QA Manual Software Testing: Live Project+Agile+Jira+API","[""Course""]"
"891","Team workflows in JIRA","[""Course""]"
"892","Project Planning with Advanced Roadmaps for Jira","[""Course""]"
"893","Learn Atlassian JIRA - For Agile Software Development Teams","[""Course""]"
"894","JIRA Visual Reference: Issue Administration","[""Course""]"
"895","The Complete JIRA Agile Project Management Course","[""Course""]"
"896","Complete Agile scrum project management using JIRA tool","[""Course""]"
"897","Learn JIRA Quickly - Enhance your resume, Move Ahead!","[""Course""]"
"898","Jira Crash Course | Jira Fundamentals for Agile Projects","[""Course""]"
"899","JIRA Administration - Getting Started with JIRA","[""Course""]"
"900","Setting Up a Real-World Project in JIRA","[""Course""]"
"901","Agile Project Management using Jira Software for Beginners!","[""Course""]"
"902","Learn JIRA for Beginners","[""Course""]"
"903","User Experience Design Essentials - Adobe XD UI UX Design","[""Course""]"
"904","UI/UX design with Adobe XD: Design & Prototype a Mobile App","[""Course""]"
"905","Adobe XD UI/UX Design, prototype, and handoff from scratch","[""Course""]"
"906","Adobe XD: UI & UX Design with 14 real world project 2020 tut","[""Course""]"
"907","Design Mobile Apps: UI, UX & Prototyping in Adobe XD & PS","[""Course""]"
"908","UI UX Design & Prototyping using Adobe XD - 2020 Essentials","[""Course""]"
"909","Adobe XD Masterclass: Learn UI & UX Design from Zero to Hero","[""Course""]"
"910","Adobe Xd Masterclass - UI / UX Design From Scratch","[""Course""]"
"911","Learn Adobe Xd Webdesign: Design websites from zero: UX & UI","[""Course""]"
"912","Learn User Experience Design from A-Z: Adobe XD UI/UX Design","[""Course""]"
"913","User Experience Design with Adobe XD- Learn UI and UXD","[""Course""]"
"914","Adobe XD CC 2020","[""Course""]"
"915","Adobe Xd Animation - Complete Guide From Icons To UI","[""Course""]"
"916","App Design with Adobe Xd","[""Course""]"
"917","User Experience Design - Learn the UX UI Process & Adobe XD","[""Course""]"
"918","VMware vSphere 6.0 Part 1 - Virtualization, ESXi and VMs","[""Course""]"
"919","The Complete VMware vSphere 7: Beginner to Advanced-pt 1/2","[""Course""]"
"920","Clear and Simple VMware vSphere 6.5 Foundations VCP - Part 1","[""Course""]"
"921","Clear and Simple VMware Certified Associate (VCA-DBT)","[""Course""]"
"922","Clear and Simple VMware vSphere 6.7 Professional VCP-DCV","[""Course""]"
"923","Clear and Simple vSphere 7 Foundations (VCTA 2020 Associate)","[""Course""]"
"924","Clear and Simple VMware NSX 6.2 and vSphere Virtual Networks","[""Course""]"
"925","Complete VMWare vSphere ESXi and vCenter Administration","[""Course""]"
"926","Wordpress for Beginners - Master Wordpress Quickly","[""Course""]"
"927","Become a WordPress Developer: Unlocking Power With Code","[""Course""]"
"928","The Complete WordPress Website Business Course","[""Course""]"
"929","WordPress for Beginners: Create a Website Step by Step","[""Course""]"
"930","WordPress for Beginners: Create Your Own WordPress Website","[""Course""]"
"931","Complete WordPress Theme & Plugin Development Course [2020]","[""Course""]"
"932","Complete Wordpress Training For Beginners","[""Course""]"
"933","WordPress 2021: The Complete WordPress Website Course","[""Course""]"
"934","How To Make a Wordpress Website -Elementor Page Builder","[""Course""]"
"935","WordPress Development - Themes, Plugins & Gutenberg","[""Course""]"
"936","Wordpress Complete Web Design :Latest Wordpress Design Techs","[""Course""]"
"937","The Complete WordPress Website & SEO Training Masterclass","[""Course""]"
"938","WordPress Intermediate Skills","[""Course""]"
"939","WordPress: Create Stunning Wordpress Websites for Business","[""Course""]"
"940","IntelliJ IDEA Tricks to Boost Productivity for Java Devs","[""Course""]"
"941","Learn TestNG using IntelliJ IDEA","[""Course""]"
"942","Java Debugging With IntelliJ IDEA","[""Course""]"
"943","Complete IntelliJ IDEA 2019 course for beginners","[""Course""]"
"944","Refactoring Java with IntelliJ IDEA","[""Course""]"
"945","Learn VirtualBox: Step by Step (Install 5 Operating Systems)","[""Course""]"
"946","Learn VirtualBox Server and Network Virtualization!","[""Course""]"
"947","Virtualbox Mastercourse: Virtual Machines Step by Step","[""Course""]"
"948","VirtualBox 1.9: Advanced Features and Practical Use","[""Course""]"
"949","Mastering VirtualBox and Network Virtualization","[""Course""]"
"950","Devtools Pro: The Basics of Chrome Developer Tools","[""Course""]"
"951","Microsoft Power BI - A Complete Introduction [2021 EDITION]","[""Course""]"
"952","Microsoft Power BI - Up & Running With Power BI Desktop","[""Course""]"
"953","Power BI A-Z: Hands-On Power BI Training For Data Science!","[""Course""]"
"954","Complete Introduction to Microsoft Power BI [2020 Edition]","[""Course""]"
"955","Microsoft Power BI - Business Intelligence for Beginners","[""Course""]"
"956","Power BI - Data Analytics Essentials with Power BI","[""Course""]"
"957","Power BI Masterclass - beginners to advanced","[""Course""]"
"958","Microsoft Power BI - Publishing to Power BI Service","[""Course""]"
"959","Master in Microsoft Power BI Desktop and Service","[""Course""]"
"960","DA-100: Analyzing and Visualizing Data with Power BI","[""Course""]"
"961","Microsoft Certified: Data Analyst Associate with Power BI","[""Course""]"
"962","Power BI Masterclass from Scratch in 60 minutes","[""Course""]"
"963","Tableau 2020 A-Z: Hands-On Tableau Training for Data Science","[""Course""]"
"964","Tableau 20 Advanced Training: Master Tableau in Data Science","[""Course""]"
"965","Tableau for Beginners: Get CA Certified, Grow Your Career","[""Course""]"
"966","Tableau 2020, 19, 18 & 10: Certified Associate certification","[""Course""]"
"967","Master Course in Tableau 10 & 2020 for Business Intelligence","[""Course""]"
"968","Tableau 2019 + Tableau 2018: Tableau DS Certification","[""Course""]"
"969","Tableau Specialist Certification Prep","[""Course""]"
"970","Tableau Expert: Top Visualization Techniques in Tableau 10","[""Course""]"
"971","The Complete Tableau Bootcamp for Data Visualization","[""Course""]"
"972","TABLEAU 2018: Hands-On Tableau Training For Data Science!","[""Course""]"
"973","Complete Tableau 2020 Training for Absolute Beginners","[""Course""]"
"974","Tableau 2019 + Tableau 2018: Tableau CA Certification 2020","[""Course""]"
"975","Construct 2: Learn to Build Mobile Games in 2 Hours!","[""Course""]"
"976","Construct 3 - The Complete Game Creation Learning Course","[""Course""]"
"977","Epic Construct 2 Course: Complete 60 Beginner Games!","[""Course""]"
"978","Create 20 sport casino games in Construct 2 / Construct 3","[""Course""]"
"979","Introductory Game Development Course with Construct 2","[""Course""]"
"980","Learn UI Mobile App Design & Game Mechanics in Construct 2","[""Course""]"
"981","Wireshark: Packet Analysis and Ethical Hacking: Core Skills","[""Course""]"
"982","The Complete Wireshark Course: Go from Beginner to Advanced!","[""Course""]"
"983","Start Using Wireshark to Hack like a Pro","[""Course""]"
"984","Wireshark Tutorial - Get Wireshark Certification","[""Course""]"
"985","Mastering Wireshark 2","[""Course""]"
"986","Wireshark Crash Course","[""Course""]"
"987","Follow Me to Learn Wireshark Packet Capture","[""Course""]"
"988","Backend Dev","[""Career""]"
"989","Bridge Engineer","[""Career""]"
"990","Business Analyst","[""Career""]"
"991","Business Intelligence","[""Career""]"
"992","Data Analyst","[""Career""]"
"993","Data Engineer","[""Career""]"
"994","Data Scientist","[""Career""]"
"995","Database Administrator","[""Career""]"
"996","DevOps Engineer","[""Career""]"
"997","ERP Manager","[""Career""]"
"998","Embedded Developer","[""Career""]"
"999","Embedded Engineer","[""Career""]"
"1000","Front end Dev","[""Career""]"
"1001","Full Stack Dev","[""Career""]"
"1002","Game Developer","[""Career""]"
"1003","Graphic Designer","[""Career""]"
"1004","Hardware Engineer","[""Career""]"
"1005","Mobile Developer","[""Career""]"
"1006","Network Administrator","[""Career""]"
"1007","Network Engineer","[""Career""]"
"1008","Project Manager","[""Career""]"
"1009","Quality Engineer","[""Career""]"
"1010","Security Engineer","[""Career""]"
"1011","Security Specialist","[""Career""]"
"1012","Software Architect","[""Career""]"
"1013","Software Developer","[""Career""]"
"1014","Software Engineer","[""Career""]"
"1015","System Administrator","[""Career""]"
"1016","System Engineer","[""Career""]"
"1017","Technical Architect","[""Career""]"
"1018","Technical Consultant","[""Career""]"
"1019","Technical Manager","[""Career""]"
"1020","Tester","[""Career""]"
"1021","UX UI Designer","[""Career""]"
"1022","Web Designer","[""Career""]"
"1023","Web Developer","[""Career""]"
"1024","Laravel","[""Framework""]"
"1025","Bootstrap","[""Framework""]"
"1026","OpenCV","[""Framework""]"
"1027","PyTorch","[""Framework""]"
"1028","Anaconda","[""Framework""]"
"1029","Tensorflow","[""Framework""]"
"1030","NumPy","[""Framework""]"
"1031","Pandas","[""Framework""]"
"1032","Angular","[""Framework""]"
"1033","MVC","[""Framework""]"
"1034","jQuery","[""Framework""]"
"1035","Redux","[""Framework""]"
"1036","Protractor","[""Framework""]"
"1037","Backbone.js","[""Framework""]"
"1038","MVVM","[""Framework""]"
"1039","MapReduce","[""Framework""]"
"1040","Apache Hadoop","[""Framework""]"
"1041","Flutter","[""Framework""]"
"1042","MVP","[""Framework""]"
"1043","Vue.js","[""Framework""]"
"1044","Meteor","[""Framework""]"
"1045","Web2py","[""Framework""]"
"1046","React","[""Framework""]"
"1047","SciPy","[""Framework""]"
"1048","scikit-learn","[""Framework""]"
"1049","Matplotlib","[""Framework""]"
"1050","Junit","[""Framework""]"
"1051","API","[""Framework""]"
"1052","Bulma","[""Framework""]"
"1053","Spring","[""Framework""]"
"1054",".NET","[""Framework""]"
"1055","Xamarin Forms","[""Framework""]"
"1056","gRPC","[""Framework""]"
"1057","ARKit","[""Framework""]"
"1058","Metasploit","[""Framework""]"
"1059","Appium","[""Framework""]"
"1060","React Native","[""Framework""]"
"1061","NativeScript","[""Framework""]"
"1062","Webpack","[""Framework""]"
"1063","Generative Adversarial Networks","[""Framework""]"
"1064","D3.js","[""Framework""]"
"1065","AngularJS","[""Framework""]"
"1066","Apache Spark SQL","[""Framework""]"
"1067","PySpark","[""Framework""]"
"1068","SQLAlchemy","[""Framework""]"
"1069","Ember.js","[""Framework""]"
"1070","Jasmine","[""Framework""]"
"1071","Seaborn","[""Framework""]"
"1072","Svelte","[""Framework""]"
"1073","ASP.NET","[""Framework""]"
"1074","UIKit","[""Framework""]"
"1075","ASP .NET Core MVC","[""Framework""]"
"1076","Xamarin","[""Framework""]"
"1077","ReactJS","[""Framework""]"
"1078","TestNG","[""Framework""]"
"1079","Apache Airflow","[""Framework""]"
"1080","AngularCLI","[""Framework""]"
"1081","Angular Material","[""Framework""]"
"1082","AngularFire","[""Framework""]"
"1083","Apache Solr","[""Framework""]"
"1084","Behave WebDriver","[""Framework""]"
"1085","Blazor","[""Framework""]"
"1086","Bokeh","[""Framework""]"
"1087","Cocos2d-x","[""Framework""]"
"1088","Construct 2","[""Framework""]"
"1089","Cordova","[""Framework""]"
"1090","Corona","[""Framework""]"
"1091","GameSalad","[""Framework""]"
"1092","Jest","[""Framework""]"
"1093","LibGDX","[""Framework""]"
"1094","Love2d","[""Framework""]"
"1095","PDO","[""Framework""]"
"1096","Panda3D","[""Framework""]"
"1097","Passport","[""Framework""]"
"1098","Puppeteer","[""Framework""]"
"1099","PyMongo","[""Framework""]"
"1100","PyQt","[""Framework""]"
"1101","Pygame","[""Framework""]"
"1102","React JSX","[""Framework""]"
"1103","SQLite","[""Framework""]"
"1104","Servlets","[""Framework""]"
"1105","Vuex","[""Framework""]"
"1106","PowerShell","[""Framework""]"
"1107","Scrapy","[""Framework""]"
"1108","RapidMiner","[""Framework""]"
"1109","Weka","[""Framework""]"
"1110","Serenity","[""Framework""]"
"1111","Cypress","[""Framework""]"
"1112","Django","[""Framework""]"
"1113","Dialog","[""Framework""]"
"1114","Hadoop","[""Framework""]"
"1115","Exonum","[""Framework""]"
"1116","Hyperledger","[""Framework""]"
"1117","MDA","[""Framework""]"
"1118","Ionic","[""Framework""]"
"1119","Keras","[""Framework""]"
"1120","Grinder","[""Framework""]"
"1121","OpenNLP","[""Framework""]"
"1122","HTML","[""Language""]"
"1123","CSS","[""Language""]"
"1124","Python","[""Language""]"
"1125","JavaScript","[""Language""]"
"1126","Java","[""Language""]"
"1127","PHP","[""Language""]"
"1128","Go","[""Language""]"
"1129","C++","[""Language""]"
"1130","C#","[""Language""]"
"1131","Scala","[""Language""]"
"1132","Ruby","[""Language""]"
"1133","SQL","[""Language""]"
"1134","C","[""Language""]"
"1135","JSON","[""Language""]"
"1136","Sass","[""Language""]"
"1137","XAML","[""Language""]"
"1138","Julia","[""Language""]"
"1139","Bash","[""Language""]"
"1140","Perl","[""Language""]"
"1141","VBA","[""Language""]"
"1142","XML","[""Language""]"
"1143","Kotlin","[""Language""]"
"1144","UML","[""Language""]"
"1145","Scratch","[""Language""]"
"1146","PL/SQL","[""Language""]"
"1147","GraphQL","[""Language""]"
"1148","HSQLDB","[""Language""]"
"1149","LINQ","[""Language""]"
"1150","ABAP","[""Language""]"
"1151","TypeScript","[""Language""]"
"1152","T-SQL","[""Language""]"
"1153","Groovy","[""Language""]"
"1154","Objective-C","[""Language""]"
"1155","SysML","[""Language""]"
"1156","WSDL","[""Language""]"
"1157","X++","[""Language""]"
"1158","Lua","[""Language""]"
"1159","R","[""Language""]"
"1160","Rust","[""Language""]"
"1161","Cypher","[""Language""]"
"1162","x86 assembly language","[""Language""]"
"1163","BASIC","[""Language""]"
"1164","Fortran","[""Language""]"
"1165","Visual Basic .NET","[""Language""]"
"1371","WYSIWYG","[""Tool""]"
"1372","MongoDB","[""Tool""]"
"1373","Git","[""Tool""]"
"1374","Jupyter Notebook","[""Tool""]"
"1375","Node.js","[""Tool""]"
"1376","PostgreSQL","[""Tool""]"
"1377","Redis","[""Tool""]"
"1378","Chrome DevTools","[""Tool""]"
"1379","Netlify","[""Tool""]"
"1380","PyCharm","[""Tool""]"
"1381","Android Studio","[""Tool""]"
"1382","iPython","[""Tool""]"
"1383","Visual Code","[""Tool""]"
"1384","Visual Studio","[""Tool""]"
"1385","SSMS","[""Tool""]"
"1386","Postman","[""Tool""]"
"1387","Firebase","[""Tool""]"
"1388","TKInter","[""Tool""]"
"1389","GitHub","[""Tool""]"
"1390","Sketch","[""Tool""]"
"1391","InVision Studio","[""Tool""]"
"1392","Jira","[""Tool""]"
"1393","Adobe XD","[""Tool""]"
"1394","WordPress","[""Tool""]"
"1395","IntelliJ IDEA","[""Tool""]"
"1396","VirtualBox","[""Tool""]"
"1397","Power BI","[""Tool""]"
"1398","Tableau","[""Tool""]"
"1399","Wireshark","[""Tool""]"
"1400","Heroku","[""Tool""]"
"1401","Microsoft SQL Server","[""Tool""]"
"1402","Amazon DynamoDB","[""Tool""]"
"1403","Windows","[""Tool""]"
"1404","RStudio","[""Tool""]"
"1405","IBM Watson Studio","[""Tool""]"
"1406","Microsoft Azure","[""Tool""]"
"1407","Google Cloud Platform","[""Tool""]"
"1408","Google","[""Tool""]"
"1409","LightSide","[""Tool""]"
"1410","Apache Spark","[""Tool""]"
"1411","Amazon CloudWatch","[""Tool""]"
"1412","Amazon GuardDuty","[""Tool""]"
"1413","Amazon SageMaker","[""Tool""]"
"1414","MySQL","[""Tool""]"
"1415","Oracle","[""Tool""]"
"1416","Jshell","[""Tool""]"
"1417","Unity","[""Tool""]"
"1418","ReSharper","[""Tool""]"
"1419","Neo4j","[""Tool""]"
"1420","OrientDB","[""Tool""]"
"1421","Akka","[""Tool""]"
"1422","Xcode","[""Tool""]"
"1423","RSpec","[""Tool""]"
"1424","Active Directory","[""Tool""]"
"1425","SQL*Plus","[""Tool""]"
"1426","SQL Developer","[""Tool""]"
"1427","SQL Server","[""Tool""]"
"1428","SSIS","[""Tool""]"
"1429","MySQL WorkBench","[""Tool""]"
"1430","Adobe After Effects","[""Tool""]"
"1431","Microsoft Excel","[""Tool""]"
"1432","Google Analytics","[""Tool""]"
"1433","Google Search Console","[""Tool""]"
"1434","Google Chrome","[""Tool""]"
"1435","Kibana","[""Tool""]"
"1436","Selenium","[""Tool""]"
"1437","Apache JMeter","[""Tool""]"
"1438","Bugzilla","[""Tool""]"
"1439","OBIEE","[""Tool""]"
"1440","SharePoint","[""Tool""]"
"1441","PowerPoint","[""Tool""]"
"1442","Microsoft Power BI","[""Tool""]"
"1443","Power Query","[""Tool""]"
"1444","Apache Sqoop","[""Tool""]"
"1445","Google Sheets","[""Tool""]"
"1446","Blender","[""Tool""]"
"1447","Bitbucket","[""Tool""]"
"1448","Adobe Flash Player","[""Tool""]"
"1449","Travis CI","[""Tool""]"
"1450","Adobe Illustrator","[""Tool""]"
"1451","Zeplin","[""Tool""]"
"1452","Adobe Photoshop","[""Tool""]"
"1453","Google Colab","[""Tool""]"
"1454","Notepad++","[""Tool""]"
"1455","Brackets","[""Tool""]"
"1456","Sublime Text","[""Tool""]"
"1457","Node Package Manager","[""Tool""]"
"1458","Prism","[""Tool""]"
"1459","MVVM Light Toolkit","[""Tool""]"
"1460","Apache Hive","[""Tool""]"
"1461","Apache Maven","[""Tool""]"
"1462","Gunicorn","[""Tool""]"
"1463","Nginx","[""Tool""]"
"1464","Webfaction","[""Tool""]"
"1465","NetBeans","[""Tool""]"
"1466","VMWare Server","[""Tool""]"
"1467","Katalon Studio","[""Tool""]"
"1468","LaTeX","[""Tool""]"
"1469","Pandoc","[""Tool""]"
"1470","npm","[""Tool""]"
"1471","Parcel","[""Tool""]"
"1472","Babel","[""Tool""]"
"1473","Eclipse","[""Tool""]"
"1474","JDK","[""Tool""]"
"1475","JVM","[""Tool""]"
"1476","Apache Hbase","[""Tool""]"
"1477","Replit","[""Tool""]"
"1478","Apache Kafka","[""Tool""]"
"1479","Apache Flume","[""Tool""]"
"1480","Amazon Kinesis","[""Tool""]"
"1481","Apache Cassandra","[""Tool""]"
"1482","Microsoft Dynamics 365","[""Tool""]"
"1483","Social Engineering Toolkit","[""Tool""]"
"1484","Microsoft Visual Studio Shell","[""Tool""]"
"1485","SSDT","[""Tool""]"
"1486","Pentaho Data Integration","[""Tool""]"
"1487","Talend Data Integration","[""Tool""]"
"1488","SAS","[""Tool""]"
"1489","Windows PowerShell ISE","[""Tool""]"
"1490","Pentaho","[""Tool""]"
"1491","Microsoft SQL Server Management Studio","[""Tool""]"
"1492","XAMPP","[""Tool""]"
"1493","Ubuntu Server","[""Tool""]"
"1494","GitLab","[""Tool""]"
"1495","Adobe Acrobat Reader DC","[""Tool""]"
"1496","Microsoft Office","[""Tool""]"
"1497","Trello","[""Tool""]"
"1498","erwin data modeler","[""Tool""]"
"1499","Microsoft Access","[""Tool""]"
"1500","Microsoft SharePoint","[""Tool""]"
"1501","Microsoft Lync","[""Tool""]"
"1502","Microsoft PowerPoint","[""Tool""]"
"1503","Google Slides","[""Tool""]"
"1504","Microsoft Word","[""Tool""]"
"1505","Jenkins","[""Tool""]"
"1506","SSRS","[""Tool""]"
"1507","Twitter","[""Tool""]"
"1508","Instagram","[""Tool""]"
"1509","Pinterest","[""Tool""]"
"1510","Linkedin","[""Tool""]"
"1511","reddit","[""Tool""]"
"1512","TikTok","[""Tool""]"
"1513","YouTube","[""Tool""]"
"1514","BigQuery","[""Tool""]"
"1515","Google Data Studio","[""Tool""]"
"1516","Qlik Sense","[""Tool""]"
"1517","QlikView","[""Tool""]"
"1518","IBM Cognos Analytics","[""Tool""]"
"1519","Microsoft Project","[""Tool""]"
"1520","Ansible","[""Tool""]"
"1521","Kubernetes","[""Tool""]"
"1522","Puppet","[""Tool""]"
"1523","Terraform","[""Tool""]"
"1524","Gerrit","[""Tool""]"
"1525","Odoo","[""Tool""]"
"1526","Microsoft Dynamics ERP","[""Tool""]"
"1527","Microsoft Dynamics AX","[""Tool""]"
"1528","Simulink","[""Tool""]"
"1529","RTRT Converter","[""Tool""]"
"1530","Qt","[""Tool""]"
"1531","AWS Lambda","[""Tool""]"
"1532","SmartFoxServer","[""Tool""]"
"1533","Adobe InDesign","[""Tool""]"
"1534","Adobe Premiere Pro","[""Tool""]"
"1535","Affinity","[""Tool""]"
"1536","OpenDNS","[""Tool""]"
"1537","Asana","[""Tool""]"
"1538","Tcpdump","[""Tool""]"
"1539","SonarQube","[""Tool""]"
"1540","TeamCity","[""Tool""]"
"1541","ReQtest","[""Tool""]"
"1542","Word","[""Tool""]"
"1543","Power Apps","[""Tool""]"
"1544","Microsoft Dynamics CRM","[""Tool""]"
"1545","Microsoft Outlook","[""Tool""]"
"1546","Creative Cloud","[""Tool""]"
"1547","InVision","[""Tool""]"
"1548","UXPin","[""Tool""]"
"1549","Adode Illustrator","[""Tool""]"
"1550","Design","[""Tool""]"
"1551","Principle","[""Tool""]"
"1552","SOFiSTiK","[""Tool""]"
"1553","MATLAB","[""Tool""]"
"1554","Stateflow","[""Tool""]"
"1555","CANoe","[""Tool""]"
"1556","Subversion","[""Tool""]"
"1557","RabbitMQ","[""Tool""]"
"1558","Suricata","[""Tool""]"
"1559","OpenGL","[""Tool""]"
"1560","Oracle Fusion Middleware","[""Tool""]"
"1561","Nagios","[""Tool""]"
"1562","Apache TomCat","[""Tool""]"
"1563","Oracle WebLogic Server","[""Tool""]"
"1564","IBM WebSphere","[""Tool""]"
"1565","G Suite","[""Tool""]"
"1566","Gulp.js","[""Tool""]"
"1567","Gradle","[""Tool""]"
"1568","Windows Azure","[""Tool""]"
"1569","SoapUI","[""Tool""]"
"1570","Apache Subversion","[""Tool""]"
"1571","Visual Studio Code","[""Tool""]"
"1572","Atom","[""Tool""]"
"1573","Visio","[""Tool""]"
"1574","Enterprise Architect","[""Tool""]"
"1575","Microsoft Dynamics","[""Tool""]"
"1576","SAP","[""Tool""]"
"1577","WebStorm","[""Tool""]"
"1578","Tessy","[""Tool""]"
"1579","TestPlant","[""Tool""]"
"1580","Ettercap","[""Tool""]"
"1581","Nmap","[""Tool""]"
"1582","Ratio Analysis","[""Tool""]"
"1583","GameMaker","[""Tool""]"
"1584","ProofHub","[""Tool""]"
"1585","Abode Photoshop","[""Tool""]"
"1586","Cisco","[""Tool""]"
"1587","SolarWinds","[""Tool""]"
"1588","AVG Free Antivirus","[""Tool""]"
"1589","Jmeter","[""Tool""]"
"1590","Gmail","[""Tool""]"
"1591","Google Calendar","[""Tool""]"
"1592","OutWitHub","[""Tool""]"
"1593","Spinn3r","[""Tool""]"
"1594","Access control","[""Tool""]"
"1595","Anti-malware software","[""Tool""]"
"1596","DBUnit","[""Tool""]"
"1597","Greenmail","[""Tool""]"
"1598","H2 Database","[""Tool""]"
"1599","What Is My IP","[""Tool""]"
"1600","Whatleaks","[""Tool""]"
"1601","Check Host","[""Tool""]"
"1602","ElasticSearch","[""Tool""]"
"1603","John the Ripper","[""Tool""]"
"1604","Protopie","[""Tool""]"
"1605","Proto.io","[""Tool""]"
"1606","CouchDB","[""Tool""]"
"1607","RavenDB","[""Tool""]"
"1608","NLTK","[""Tool""]"
"1609","Argus","[""Tool""]"
"1610","P0f","[""Tool""]"
"1611","SolarWinds Network Configuration Manager","[""Tool""]"
"1612","Kiwi CatTools","[""Tool""]"
"1613","SolarWinds Network Topology Mapper","[""Tool""]"
"1614","CADE","[""Tool""]"
"1615","Dia Diagram Editor","[""Tool""]"
"1616","Microsoft Visio","[""Tool""]"
"1617","Zabbix","[""Tool""]"
"1618","Datadog Network Monitoring","[""Tool""]"
"1619","ManageEngine OpManager","[""Tool""]"
"1620","Linux","[""Tool""]"
"1621","upBOARD","[""Tool""]"
"1622","PageSpeed Insights","[""Tool""]"
"1623","BackBox","[""Tool""]"
"1624","hping","[""Tool""]"
"1625","Metasploit Project","[""Tool""]"
"1626","OWASP ZAP","[""Tool""]"
"1627","Nessus","[""Tool""]"
"1628","SAINT","[""Tool""]"
"1629","Scoro","[""Tool""]"
"1630","Basecamp","[""Tool""]"
"1631","Abode XD","[""Tool""]"
"1632","AWS SDKs","[""Tool""]"
"1633","FreeRTOS","[""Tool""]"
"1634","Grafana","[""Tool""]"
"1635","HAProxy","[""Tool""]"
"1636","MonoGame","[""Tool""]"
"1637","PlayCanvas","[""Tool""]"
"1638","RPG Maker","[""Tool""]"
"1639","RubyGems","[""Tool""]"
"1640","Ruby on Rails","[""Tool""]"
"1641","Semantic UI","[""Tool""]"
"1642","Spyder","[""Tool""]"
"1643","Stencyl","[""Tool""]"
"1644","Umbraco","[""Tool""]"
"1645","Unix","[""Tool""]"
"1646","Unreal Engine 4","[""Tool""]"
"1852","Machine Learning Tech","[""Technique""]"
"1853","Artificial Intelligence","[""Technique""]"
"1854","OOP","[""Technique""]"
"1855","Recommender system","[""Technique""]"
"1856","Business Intelligence Tech","[""Technique""]"
"1857","Neural network","[""Technique""]"
"1858","Repository pattern","[""Technique""]"
"1859","N-Tier Architecture","[""Technique""]"
"1860","UI/UX","[""Technique""]"
"1861","Big Data","[""Technique""]"
"1862","Game Development Tech","[""Technique""]"
"1863","Ethical hacking","[""Technique""]"
"1864","Network Security Tech","[""Technique""]"
"1865","Relational database","[""Technique""]"
"1866","Databases","[""Technique""]"
"1867","Business Analysis","[""Technique""]"
"1868","Data Structure","[""Technique""]"
"1869","Data Analysis","[""Technique""]"
"1870","Data Visualization","[""Technique""]"
"1871","Automated Software Testing","[""Technique""]"
"1872","Code coverage","[""Technique""]"
"1873","Project management","[""Technique""]"
"1874","Ajax","[""Technique""]"
"1875","Regular expression","[""Technique""]"
"1876","Local Storage","[""Technique""]"
"1877","Functional programming","[""Technique""]"
"1878","FrontEnd","[""Technique""]"
"1879","Real-time database","[""Technique""]"
"1880","Responsive web design","[""Technique""]"
"1881","Backend","[""Technique""]"
"1882","Performance tuning","[""Technique""]"
"1883","Financial analysis","[""Technique""]"
"1884","REST API","[""Technique""]"
"1885","Desktop graphical","[""Technique""]"
"1886","Image Processing","[""Technique""]"
"1887","Network automation","[""Technique""]"
"1888","Design Pattern","[""Technique""]"
"1889","Parallel programming","[""Technique""]"
"1890","Pointer","[""Technique""]"
"1891","Embedded firmware development","[""Technique""]"
"1892","Driver development","[""Technique""]"
"1893","Mobile application design","[""Technique""]"
"1894","Password hashing","[""Technique""]"
"1895","Graph database","[""Technique""]"
"1896","Probabilistic programming","[""Technique""]"
"1897","Reactive Microservices","[""Technique""]"
"1898","RESTful API","[""Technique""]"
"1899","Protocol Buffers","[""Technique""]"
"1900","Domain-driven design","[""Technique""]"
"1901","Hexagonal Architecture","[""Technique""]"
"1902","Escape analysis","[""Technique""]"
"1903","Multithreading","[""Technique""]"
"1904","Microservices","[""Technique""]"
"1905","RBAC","[""Technique""]"
"1906","Perl programming","[""Technique""]"
"1907","Routing","[""Technique""]"
"1908","Network design","[""Technique""]"
"1909","CRM","[""Technique""]"
"1910","Linux hacking","[""Technique""]"
"1911","IT security","[""Technique""]"
"1912","Improve performance","[""Technique""]"
"1913","Backup & Restore","[""Technique""]"
"1914","Data Warehouse","[""Technique""]"
"1915","Property decorator","[""Technique""]"
"1916","Observer pattern","[""Technique""]"
"1917","RDP","[""Technique""]"
"1918","OSI model","[""Technique""]"
"1919","Waterfall Model","[""Technique""]"
"1920","RUP","[""Technique""]"
"1921","Manual Testing","[""Technique""]"
"1922","LAN","[""Technique""]"
"1923","IP Address","[""Technique""]"
"1924","RS-485","[""Technique""]"
"1925","Networking protocol","[""Technique""]"
"1926","RDD","[""Technique""]"
"1927","F-test","[""Technique""]"
"1928","Distributed system","[""Technique""]"
"1929","SOLID","[""Technique""]"
"1930","Hybrid mobile app development","[""Technique""]"
"1931","Detail design","[""Technique""]"
"1932","Online community","[""Technique""]"
"1933","Information Management","[""Technique""]"
"1934","Information  technology","[""Technique""]"
"1935","OLAP","[""Technique""]"
"1936","System analysis","[""Technique""]"
"1937","Information System","[""Technique""]"
"1938","Digital marketing","[""Technique""]"
"1939","NLP","[""Technique""]"
"1940","Robotics","[""Technique""]"
"1941","Information extraction","[""Technique""]"
"1942","Finance","[""Technique""]"
"1943","Risk management","[""Technique""]"
"1944","Quantitative Analysis","[""Technique""]"
"1945","ETL","[""Technique""]"
"1946","Information security","[""Technique""]"
"1947","Business process management","[""Technique""]"
"1948","Analytics","[""Technique""]"
"1949","Data mining","[""Technique""]"
"1950","Financial technology","[""Technique""]"
"1951","NoSQL","[""Technique""]"
"1952","Generalized linear model","[""Technique""]"
"1953","Random forests","[""Technique""]"
"1954","Mathematical optimization","[""Technique""]"
"1955","Agile","[""Technique""]"
"1956","Entity-Relationship Diagram","[""Technique""]"
"1957","Database Design","[""Technique""]"
"1958","Disaster recovery","[""Technique""]"
"1959","SCRUM","[""Technique""]"
"1960","Scheduling","[""Technique""]"
"1961","Preemption","[""Technique""]"
"1962","Round-robin","[""Technique""]"
"1963","Integration Testing","[""Technique""]"
"1964","RTOS","[""Technique""]"
"1965","Embedded software development","[""Technique""]"
"1966","Requirements analysis","[""Technique""]"
"1967","Black-box testing","[""Technique""]"
"1968","Embedded software testing","[""Technique""]"
"1969","Hardware designs","[""Technique""]"
"1970","Embedded system","[""Technique""]"
"1971","Software development lifecycle","[""Technique""]"
"1972","Real Time Operating System","[""Technique""]"
"1973","Automotive communication protocols","[""Technique""]"
"1974","AUTOSAR","[""Technique""]"
"1975","Automotive domain","[""Technique""]"
"1976","Network programming","[""Technique""]"
"1977","Network management","[""Technique""]"
"1978","Optical networking","[""Technique""]"
"1979","Configuration Toolchain","[""Technique""]"
"1980","Linux system call","[""Technique""]"
"1981","POSIX","[""Technique""]"
"1982","SPI","[""Technique""]"
"1983","Embedded operating system","[""Technique""]"
"1984","RFID/NFC","[""Technique""]"
"1985","Object-oriented design","[""Technique""]"
"1986","Electronics","[""Technique""]"
"1987","Physics","[""Technique""]"
"1988","Endpoint Security","[""Technique""]"
"1989","Data Loss Prevention","[""Technique""]"
"1990","Network Security Auditing","[""Technique""]"
"1991","Penetration test","[""Technique""]"
"1992","Firewall","[""Technique""]"
"1993","Networking monitoring","[""Technique""]"
"1994","Business Administration","[""Technique""]"
"1995","Operating system development","[""Technique""]"
"1996","SFTP","[""Technique""]"
"1997","RTSP","[""Technique""]"
"1998","Load balancing","[""Technique""]"
"1999","Routers","[""Technique""]"
"2000","Cisco Switches Peplink","[""Technique""]"
"2001","A10","[""Technique""]"
"2002","F5 load balancers","[""Technique""]"
"2003","Wireless Networks","[""Technique""]"
"2004","AnyConnect VPN","[""Technique""]"
"2005","IPSec site-to-site VPN","[""Technique""]"
"2006","DLP","[""Technique""]"
"2007","Antispam","[""Technique""]"
"2008","Squid Proxy","[""Technique""]"
"2009","IPS/IDS Solutions","[""Technique""]"
"2010","CDN","[""Technique""]"
"2011","Anti-DDoS Protection","[""Technique""]"
"2012","ISO 27000","[""Technique""]"
"2013","Electric engineering","[""Technique""]"
"2014","Server administration","[""Technique""]"
"2015","Resource management","[""Technique""]"
"2016","Time management","[""Technique""]"
"2017","Quality management","[""Technique""]"
"2018","Embedded firmware testing","[""Technique""]"
"2019","Project budgeting","[""Technique""]"
"2020","E-commerce","[""Technique""]"
"2021","Magento","[""Technique""]"
"2022","Enterprise resource planning","[""Technique""]"
"2023","Partner management","[""Technique""]"
"2024","Operational Performance Management","[""Technique""]"
"2025","CMMI","[""Technique""]"
"2026","System engineering","[""Technique""]"
"2027","Software engineering","[""Technique""]"
"2028","SDLC","[""Technique""]"
"2029","ALM","[""Technique""]"
"2030","DevOps","[""Technique""]"
"2031","Blockchain","[""Technique""]"
"2032","SQAP","[""Technique""]"
"2033","Java Persistence API","[""Technique""]"
"2034","LAMP","[""Technique""]"
"2035","Java application development","[""Technique""]"
"2036","RAID","[""Technique""]"
"2037","Linux Systems administration","[""Technique""]"
"2038","IAAS","[""Technique""]"
"2039","PaaS","[""Technique""]"
"2040","Kentico CMS","[""Technique""]"
"2041","Lambda architecture","[""Technique""]"
"2042","Functional Testing","[""Technique""]"
"2043","Regression testing","[""Technique""]"
"2044","Prototyping","[""Technique""]"
"2045","Mockup design","[""Technique""]"
"2046","Page speed optimization","[""Technique""]"
"2047","Mobile app development","[""Technique""]"
"2048","Web development","[""Technique""]"
"2049","Razor","[""Technique""]"
"2050","Java Dabase Connectivity","[""Technique""]"
"2051","MCAL","[""Technique""]"
"2052","POP","[""Technique""]"
"2053","SVG","[""Technique""]"
"2054","iOS","[""Technique""]"
"2055","Graphic design","[""Technique""]"
"2056","IDS/IPS","[""Technique""]"
